Venom_ACHE-1	crovir-protein-17118	100	506	0	0	9	514	1	506	0.0	1042	610	506
Venom_ACHE-1	crovir-protein-10883	55.6	477	212	0	38	514	31	507	1.37e-208	591	610	507
Venom_ACHE-1	crovir-protein-13187	40.5	529	282	11	38	557	24	528	2.76e-124	377	610	540
Venom_ACHE-1	crovir-protein-13190	40.3	509	283	9	42	542	39	534	4.15e-124	377	610	565
Venom_ACHE-1	crovir-protein-13194	40.2	525	294	7	35	557	168	674	3.08e-120	371	610	685
Venom_ACHE-1	crovir-protein-13192	39.0	480	251	10	42	514	59	503	4.89e-104	323	610	503
Venom_ACHE-1	crovir-protein-15990	34.1	560	297	19	15	564	5	502	1.27e-75	249	610	513
Venom_ACHE-1	crovir-protein-13195	41.4	348	192	7	96	439	528	867	3.14e-74	254	610	941
Venom_ACHE-1	crovir-protein-1482	31.2	433	231	14	16	437	4	380	1.92e-46	167	610	393
Venom_ACHE-1	crovir-protein-10882	41.7	96	55	1	515	609	4	99	2.92e-21	88.2	610	99
Venom_Ficolin-1	crovir-protein-9182	47.4	662	10	3	1	336	20	669	3.76e-139	409	337	669
Venom_Ficolin-1	crovir-protein-9179	80.1	171	33	1	167	336	12	182	1.03e-100	293	337	182
Venom_Ficolin-1	crovir-protein-2800	44.9	214	112	2	127	334	258	471	5.42e-64	209	337	473
Venom_Ficolin-1	crovir-protein-1324	42.6	265	98	4	125	335	407	671	2.64e-60	204	337	673
Venom_Ficolin-1	crovir-protein-17470	45.3	225	106	7	127	336	218	440	9.80e-56	187	337	444
Venom_Ficolin-1	crovir-protein-4700	39.0	236	115	8	126	335	693	925	3.67e-46	167	337	929
Venom_Ficolin-1	crovir-protein-4565	43.2	176	84	4	175	335	81	255	6.55e-43	148	337	263
Venom_Ficolin-1	crovir-protein-1424	47.4	152	78	2	126	276	281	431	1.26e-41	150	337	485
Venom_Ficolin-1	crovir-protein-5665	38.0	213	92	6	126	335	1103	1278	2.76e-36	138	337	1294
Venom_Ficolin-1	crovir-protein-2135	44.5	128	65	2	167	294	40	161	2.27e-32	119	337	209
Venom_Ficolin-1	crovir-protein-1420	56.8	81	35	0	255	335	12	92	4.91e-28	104	337	97
Venom_Ficolin-1	crovir-protein-16944	42.6	108	58	3	127	231	18	124	1.86e-22	94.7	337	291
Venom_Ficolin-1	crovir-protein-17038	44.2	43	22	1	126	166	165	207	1.52e-05	44.7	337	207
Venom_Ficolin-2	crovir-protein-9182	77.1	340	29	3	34	328	334	669	3.61e-148	431	329	669
Venom_Ficolin-2	crovir-protein-9179	86.0	171	24	0	158	328	12	182	4.51e-112	322	329	182
Venom_Ficolin-2	crovir-protein-1324	42.5	266	98	5	116	327	407	671	2.90e-55	190	329	673
Venom_Ficolin-2	crovir-protein-17470	43.6	225	111	5	118	328	218	440	9.31e-53	179	329	444
Venom_Ficolin-2	crovir-protein-7807	42.1	214	119	4	117	327	266	477	8.21e-49	169	329	479
Venom_Ficolin-2	crovir-protein-4700	39.7	237	113	10	117	327	693	925	2.18e-44	161	329	929
Venom_Ficolin-2	crovir-protein-1424	48.0	152	77	2	117	267	281	431	1.42e-41	150	329	485
Venom_Ficolin-2	crovir-protein-1420	59.8	82	32	1	246	327	12	92	2.39e-26	99.8	329	97
Venom_Ficolin-2	crovir-protein-16944	38.1	113	63	3	118	227	18	126	3.41e-19	85.5	329	291
Venom_3FTx-10	crovir-protein-8023	92.3	78	6	0	16	93	24	101	2.06e-56	168	94	101
Venom_3FTx-10	crovir-protein-8022	80.6	93	16	1	1	93	1	91	4.35e-56	167	94	91
Venom_PDE-1	crovir-protein-8584	99.8	452	1	0	1	452	20	471	0.0	924	453	471
Venom_PDE-1	crovir-protein-9233	36.7	387	220	10	29	395	146	527	1.44e-75	252	453	850
Venom_PDE-1	crovir-protein-14336	31.0	384	247	8	28	396	53	433	4.06e-67	220	453	443
Venom_PDE-1	crovir-protein-568	31.8	428	240	12	8	395	27	442	7.02e-63	210	453	469
Venom_PDE-1	crovir-protein-9232	32.4	336	170	7	27	345	285	580	2.22e-48	175	453	667
Venom_PDE-1	crovir-protein-4873	28.3	442	225	12	27	395	164	586	7.34e-44	164	453	910
Venom_CRISP-1	crovir-protein-8572	96.3	107	4	0	135	241	7	113	1.01e-80	236	242	113
Venom_CRISP-1	crovir-protein-8573	70.5	139	3	1	1	139	94	194	2.46e-61	190	242	196
Venom_CRISP-2	crovir-protein-8572	97.2	107	3	0	135	241	7	113	2.50e-81	238	242	113
Venom_CRISP-2	crovir-protein-8573	72.7	139	0	1	1	139	94	194	1.87e-63	196	242	196
Venom_CRISP-3	crovir-protein-8573	93.2	88	6	0	59	146	1	88	7.72e-60	186	241	196
Venom_CRISP-3	crovir-protein-8572	69.8	106	31	1	135	239	7	112	1.65e-52	165	241	113
Venom_CRISP-3	crovir-protein-11894	36.6	145	79	5	35	169	38	179	1.38e-18	79.7	241	179
Venom_CRISP-3	crovir-protein-11893	30.6	157	86	6	31	169	29	180	1.01e-16	75.9	241	232
Venom_CRISP-4	crovir-protein-8573	86.4	88	12	0	59	146	1	88	1.49e-54	173	241	196
Venom_CRISP-4	crovir-protein-8572	66.0	106	35	1	135	239	7	112	1.23e-49	157	241	113
Venom_CRISP-4	crovir-protein-11893	31.6	155	87	6	31	169	29	180	7.48e-19	81.6	241	232
Venom_CRISP-4	crovir-protein-11894	35.4	147	78	5	35	169	38	179	2.68e-18	79.0	241	179
Venom_NUC-1	crovir-protein-8937	98.0	589	0	1	1	589	107	683	0.0	1152	590	683
Venom_NUC-2	crovir-protein-8937	97.8	589	1	1	1	589	107	683	0.0	1150	590	683
Venom_vQC-1	crovir-protein-9447	99.7	368	1	0	1	368	1	368	3.33e-282	761	369	368
Venom_vQC-1	crovir-protein-1322	48.4	273	102	4	93	365	5	238	6.19e-81	246	369	240
Venom_Vespryn-1	crovir-protein-13215	100	218	0	0	1	218	3	220	2.03e-165	454	219	220
Venom_Vespryn-1	crovir-protein-13219	43.3	164	85	3	55	210	308	471	3.79e-33	123	219	481
Venom_Vespryn-1	crovir-protein-13155	33.5	185	106	4	41	216	372	548	2.04e-24	99.8	219	551
Venom_Vespryn-1	crovir-protein-13139	36.1	169	101	3	55	216	339	507	4.09e-23	95.9	219	510
Venom_Vespryn-1	crovir-protein-2747	30.9	162	106	4	52	207	106	267	2.25e-17	78.2	219	300
Venom_Vespryn-1	crovir-protein-3057	36.8	114	46	4	88	185	315	418	1.15e-15	74.3	219	463
Venom_LAAO-1	crovir-protein-3893	92.5	441	31	1	76	516	7	445	8.08e-304	826	517	445
Venom_LAAO-1	crovir-protein-13246	43.3	270	149	3	237	504	1	268	6.86e-74	234	517	279
Venom_LAAO-1	crovir-protein-13249	54.3	175	77	1	9	180	43	217	1.64e-55	185	517	229
Venom_LAAO-1	crovir-protein-876	50.0	58	29	0	48	105	290	347	2.93e-08	55.8	517	863
Venom_LAAO-1	crovir-protein-5300	59.0	39	16	0	52	90	379	417	5.88e-04	42.0	517	839
Venom_LAAO-2	crovir-protein-3893	87.3	441	31	2	90	507	7	445	2.65e-279	763	508	445
Venom_LAAO-2	crovir-protein-13246	45.5	268	144	2	230	495	1	268	1.68e-79	249	508	279
Venom_LAAO-2	crovir-protein-13249	48.4	190	87	4	17	200	37	221	3.52e-50	171	508	229
Venom_HYAL-1	crovir-protein-13660	93.7	474	0	1	1	474	1	444	0.0	918	475	444
Venom_HYAL-1	crovir-protein-11737	45.4	434	229	3	26	459	9	434	3.14e-132	389	475	450
Venom_HYAL-1	crovir-protein-13626	45.5	420	218	3	26	442	85	496	4.86e-131	389	475	525
Venom_HYAL-1	crovir-protein-13659	43.0	409	225	4	37	445	37	437	3.70e-120	358	475	451
Venom_HYAL-1	crovir-protein-13674	41.6	322	179	6	20	339	22	336	5.45e-81	254	475	353
Venom_SVSP-1	crovir-protein-SVSP_1	98.1	262	5	0	1	262	1	262	1.18e-199	544	263	262
Venom_SVSP-1	crovir-protein-SVSP_5	72.4	261	70	1	1	261	1	259	2.18e-142	399	263	260
Venom_SVSP-1	crovir-protein-SVSP_4	69.3	261	78	1	1	261	1	259	3.81e-136	383	263	260
Venom_SVSP-1	crovir-protein-SVSP_7	67.0	261	82	2	1	261	1	257	9.18e-125	354	263	258
Venom_SVSP-1	crovir-protein-SVSP_8	64.8	261	88	2	1	261	1	257	2.04e-121	346	263	258
Venom_SVSP-1	crovir-protein-SVSP_6	65.5	261	67	1	1	261	1	238	9.54e-121	343	263	242
Venom_SVSP-1	crovir-protein-SVSP_3	61.7	261	95	2	1	261	1	256	3.92e-114	327	263	257
Venom_SVSP-1	crovir-protein-SVSP_2	77.1	205	34	2	1	205	1	192	6.41e-112	319	263	192
Venom_SVSP-1	crovir-protein-SVSP_9	60.2	254	88	2	19	261	36	287	1.75e-110	319	263	288
Venom_SVSP-1	crovir-protein-13103	30.0	243	149	8	19	248	198	432	3.65e-32	122	263	483
Venom_SVSP-1	crovir-protein-2795	34.5	226	111	11	52	249	62	278	8.70e-31	115	263	314
Venom_SVSP-1	crovir-protein-13731	31.8	242	142	9	21	250	332	562	2.71e-29	115	263	565
Venom_SVSP-1	crovir-protein-2362	35.5	211	112	9	52	248	50	250	1.11e-28	108	263	256
Venom_SVSP-1	crovir-protein-15163	28.0	254	123	8	19	255	26	236	7.51e-28	106	263	236
Venom_SVSP-1	crovir-protein-7478	29.0	255	146	10	25	249	358	607	8.33e-25	102	263	615
Venom_SVSP-1	crovir-protein-17002	29.3	198	128	6	72	262	328	520	1.09e-22	96.3	263	613
Venom_SVSP-1	crovir-protein-6830	27.1	240	158	9	25	256	54	284	4.09e-22	92.0	263	284
Venom_SVSP-1	crovir-protein-3046	25.6	258	155	8	19	259	43	280	3.63e-16	77.0	263	508
Venom_SVSP-1	crovir-protein-10630	29.5	173	109	6	50	213	159	327	5.97e-16	76.6	263	833
Venom_SVSP-1	crovir-protein-2788	24.9	173	106	6	51	205	60	226	4.38e-12	63.5	263	241
Venom_SVSP-2	crovir-protein-SVSP_1	80.8	261	50	0	1	261	1	261	3.19e-163	452	263	262
Venom_SVSP-2	crovir-protein-SVSP_5	77.4	261	57	1	1	261	1	259	9.19e-151	420	263	260
Venom_SVSP-2	crovir-protein-SVSP_4	73.3	262	68	1	1	262	1	260	2.18e-142	399	263	260
Venom_SVSP-2	crovir-protein-SVSP_2	93.2	205	1	2	1	205	1	192	4.13e-138	385	263	192
Venom_SVSP-2	crovir-protein-SVSP_7	71.0	262	72	2	1	262	1	258	3.93e-133	375	263	258
Venom_SVSP-2	crovir-protein-SVSP_6	69.0	261	58	2	1	261	1	238	5.51e-127	359	263	242
Venom_SVSP-2	crovir-protein-SVSP_8	66.3	261	84	2	1	261	1	257	2.63e-124	353	263	258
Venom_SVSP-2	crovir-protein-SVSP_3	63.4	262	91	2	1	262	1	257	3.08e-118	338	263	257
Venom_SVSP-2	crovir-protein-SVSP_9	63.7	256	80	2	18	262	35	288	3.13e-118	339	263	288
Venom_SVSP-2	crovir-protein-15161	38.2	241	131	6	18	253	72	299	3.25e-53	174	263	301
Venom_SVSP-2	crovir-protein-15157	36.3	237	137	5	20	253	132	357	2.66e-49	165	263	359
Venom_SVSP-2	crovir-protein-17141	36.0	242	133	8	25	248	51	288	9.00e-35	131	263	1561
Venom_SVSP-2	crovir-protein-2795	33.5	236	122	10	52	260	62	289	1.02e-34	126	263	314
Venom_SVSP-2	crovir-protein-15163	31.1	257	107	9	19	253	26	234	3.62e-34	122	263	236
Venom_SVSP-2	crovir-protein-13731	35.0	243	133	12	21	250	332	562	3.99e-33	125	263	565
Venom_SVSP-2	crovir-protein-13103	30.9	243	151	7	19	250	198	434	5.26e-33	124	263	483
Venom_SVSP-2	crovir-protein-4572	31.9	235	145	7	25	248	394	624	3.22e-31	120	263	631
Venom_SVSP-2	crovir-protein-12135	32.7	217	126	8	51	253	614	824	8.84e-30	117	263	825
Venom_SVSP-2	crovir-protein-16035	33.0	209	126	8	52	253	60	261	9.62e-28	106	263	263
Venom_SVSP-2	crovir-protein-3820	29.1	258	153	11	21	258	45	292	2.42e-26	103	263	311
Venom_SVSP-2	crovir-protein-15790	32.6	230	142	9	29	252	43	265	4.34e-26	102	263	270
Venom_SVSP-2	crovir-protein-6830	28.5	235	155	7	25	253	54	281	5.72e-25	99.8	263	284
Venom_SVSP-2	crovir-protein-237	31.0	210	125	7	52	249	20	221	7.03e-25	98.2	263	227
Venom_SVSP-2	crovir-protein-12262	31.4	236	134	8	46	255	78	311	1.64e-23	99.0	263	1348
Venom_SVSP-2	crovir-protein-17002	29.7	182	117	5	87	261	342	519	3.69e-22	94.7	263	613
Venom_SVSP-2	crovir-protein-3046	26.4	261	149	10	19	259	43	280	4.90e-16	76.6	263	508
Venom_SVSP-2	crovir-protein-11620	28.6	227	118	10	38	252	100	294	1.26e-15	74.3	263	299
Venom_SVSP-2	crovir-protein-14486	26.8	261	133	12	25	262	51	276	1.44e-14	71.2	263	292
Venom_SVSP-2	crovir-protein-2788	27.8	169	104	6	51	204	60	225	6.71e-13	65.9	263	241
Venom_SVSP-3	crovir-protein-SVSP_5	96.1	259	10	0	1	259	1	259	5.61e-191	522	264	260
Venom_SVSP-3	crovir-protein-SVSP_4	90.0	259	26	0	1	259	1	259	2.52e-178	490	264	260
Venom_SVSP-3	crovir-protein-SVSP_6	79.8	263	32	1	1	263	1	242	3.31e-156	433	264	242
Venom_SVSP-3	crovir-protein-SVSP_7	77.6	259	56	1	1	259	1	257	1.21e-148	415	264	258
Venom_SVSP-3	crovir-protein-SVSP_8	72.6	259	69	1	1	259	1	257	4.06e-140	393	264	258
Venom_SVSP-3	crovir-protein-SVSP_3	71.8	259	70	2	1	259	1	256	5.31e-138	388	264	257
Venom_SVSP-3	crovir-protein-SVSP_1	70.5	261	75	1	1	259	1	261	5.19e-137	385	264	262
Venom_SVSP-3	crovir-protein-SVSP_9	72.2	255	56	3	18	259	35	287	3.53e-134	379	264	288
Venom_SVSP-3	crovir-protein-SVSP_2	75.5	204	35	3	1	202	1	191	8.92e-103	296	264	192
Venom_SVSP-3	crovir-protein-15161	38.1	236	140	4	18	253	72	301	2.38e-53	174	264	301
Venom_SVSP-3	crovir-protein-15157	38.5	234	138	4	20	253	132	359	1.27e-50	169	264	359
Venom_SVSP-3	crovir-protein-15163	30.7	254	114	8	19	253	26	236	2.19e-32	118	264	236
Venom_SVSP-3	crovir-protein-13103	32.5	240	149	7	19	248	198	434	9.87e-32	121	264	483
Venom_SVSP-3	crovir-protein-2795	30.5	249	146	8	22	247	34	278	1.25e-30	115	264	314
Venom_SVSP-3	crovir-protein-16035	32.2	239	143	10	25	253	34	263	2.47e-29	110	264	263
Venom_SVSP-3	crovir-protein-7672	30.6	252	156	8	25	260	703	951	5.91e-29	114	264	951
Venom_SVSP-3	crovir-protein-6830	28.8	236	155	8	25	253	54	283	7.70e-28	107	264	284
Venom_SVSP-3	crovir-protein-3355	31.5	213	124	7	25	222	238	443	2.07e-23	98.6	264	864
Venom_SVSP-3	crovir-protein-237	28.8	212	127	9	50	247	20	221	4.06e-20	85.5	264	227
Venom_SVSP-3	crovir-protein-2788	25.9	197	134	5	19	203	30	226	1.66e-15	73.2	264	241
Venom_SVSP-3	crovir-protein-3046	25.3	265	143	10	19	256	43	279	4.86e-13	67.8	264	508
Venom_SVSP-4	crovir-protein-SVSP_5	97.7	260	6	0	1	260	1	260	1.75e-194	531	264	260
Venom_SVSP-4	crovir-protein-SVSP_4	89.6	259	27	0	1	259	1	259	4.88e-176	484	264	260
Venom_SVSP-4	crovir-protein-SVSP_6	81.4	263	28	1	1	263	1	242	9.92e-158	437	264	242
Venom_SVSP-4	crovir-protein-SVSP_7	77.2	259	57	1	1	259	1	257	9.90e-148	412	264	258
Venom_SVSP-4	crovir-protein-SVSP_8	73.7	259	66	1	1	259	1	257	1.00e-140	395	264	258
Venom_SVSP-4	crovir-protein-SVSP_3	71.8	259	70	2	1	259	1	256	1.52e-137	387	264	257
Venom_SVSP-4	crovir-protein-SVSP_1	70.1	261	76	1	1	259	1	261	2.11e-136	384	264	262
Venom_SVSP-4	crovir-protein-SVSP_9	71.8	255	57	3	18	259	35	287	4.75e-132	374	264	288
Venom_SVSP-4	crovir-protein-SVSP_2	75.0	204	36	3	1	202	1	191	4.20e-101	292	264	192
Venom_SVSP-4	crovir-protein-15161	39.2	237	136	5	18	253	72	301	1.33e-52	172	264	301
Venom_SVSP-4	crovir-protein-15157	39.7	234	135	4	20	253	132	359	1.16e-51	171	264	359
Venom_SVSP-4	crovir-protein-13103	34.6	240	144	7	19	248	198	434	3.01e-35	130	264	483
Venom_SVSP-4	crovir-protein-15163	31.4	255	111	7	19	253	26	236	4.01e-33	120	264	236
Venom_SVSP-4	crovir-protein-2795	32.1	249	142	8	22	247	34	278	8.28e-33	121	264	314
Venom_SVSP-4	crovir-protein-16035	33.9	239	139	10	25	253	34	263	2.94e-32	118	264	263
Venom_SVSP-4	crovir-protein-17141	33.1	257	144	9	25	259	51	301	4.16e-30	118	264	1561
Venom_SVSP-4	crovir-protein-12135	29.9	251	148	9	19	251	584	824	4.93e-30	117	264	825
Venom_SVSP-4	crovir-protein-7672	31.3	243	149	7	25	252	703	942	1.09e-28	114	264	951
Venom_SVSP-4	crovir-protein-6830	30.1	236	152	8	25	253	54	283	1.45e-28	109	264	284
Venom_SVSP-4	crovir-protein-4572	33.3	237	137	9	25	246	394	624	1.62e-28	113	264	631
Venom_SVSP-4	crovir-protein-15790	30.6	222	143	7	38	254	54	269	1.17e-26	103	264	270
Venom_SVSP-4	crovir-protein-3355	31.9	213	123	7	25	222	238	443	2.80e-23	98.2	264	864
Venom_SVSP-4	crovir-protein-237	30.6	219	127	10	43	247	14	221	2.81e-23	94.0	264	227
Venom_SVSP-4	crovir-protein-12262	28.2	248	150	7	25	246	59	304	2.15e-21	92.8	264	1348
Venom_SVSP-4	crovir-protein-3820	28.7	247	148	10	21	247	45	283	4.13e-20	87.0	264	311
Venom_SVSP-4	crovir-protein-2788	26.4	197	133	5	19	203	30	226	4.60e-16	74.7	264	241
Venom_SVSP-4	crovir-protein-11620	27.1	225	122	9	38	250	100	294	5.41e-14	69.7	264	299
Venom_SVSP-4	crovir-protein-3046	26.9	253	146	10	19	252	43	275	2.68e-13	68.6	264	508
Venom_SVSP-4	crovir-protein-14486	27.8	245	127	12	25	250	51	264	3.82e-12	64.3	264	292
Venom_SVSP-5	crovir-protein-SVSP_8	80.5	257	50	0	1	257	1	257	1.04e-150	420	259	258
Venom_SVSP-5	crovir-protein-SVSP_7	77.5	258	58	0	1	258	1	258	1.34e-146	409	259	258
Venom_SVSP-5	crovir-protein-SVSP_5	76.8	259	58	1	1	257	1	259	4.81e-145	405	259	260
Venom_SVSP-5	crovir-protein-SVSP_4	76.2	260	60	1	1	258	1	260	1.60e-143	402	259	260
Venom_SVSP-5	crovir-protein-SVSP_3	72.5	258	70	1	1	258	1	257	4.83e-135	380	259	257
Venom_SVSP-5	crovir-protein-SVSP_9	69.3	254	65	2	18	258	35	288	4.74e-126	358	259	288
Venom_SVSP-5	crovir-protein-SVSP_6	69.9	259	55	2	1	257	1	238	1.05e-123	351	259	242
Venom_SVSP-5	crovir-protein-SVSP_1	65.1	261	87	2	1	257	1	261	4.22e-116	332	259	262
Venom_SVSP-5	crovir-protein-SVSP_2	67.2	204	50	4	1	200	1	191	4.19e-83	246	259	192
Venom_SVSP-5	crovir-protein-15157	39.7	232	136	4	20	251	132	359	8.40e-50	166	259	359
Venom_SVSP-5	crovir-protein-15161	37.8	238	136	5	18	251	72	301	3.73e-47	158	259	301
Venom_SVSP-5	crovir-protein-13103	35.4	246	132	7	19	246	198	434	3.52e-34	127	259	483
Venom_SVSP-5	crovir-protein-2795	36.8	223	108	10	50	245	62	278	1.47e-31	117	259	314
Venom_SVSP-5	crovir-protein-6830	33.3	234	145	7	25	251	54	283	3.08e-31	116	259	284
Venom_SVSP-5	crovir-protein-4572	34.9	235	134	9	25	244	394	624	1.86e-30	118	259	631
Venom_SVSP-5	crovir-protein-15163	33.1	251	110	6	19	251	26	236	4.60e-29	109	259	236
Venom_SVSP-5	crovir-protein-15790	36.7	221	127	10	39	252	55	269	9.66e-29	109	259	270
Venom_SVSP-5	crovir-protein-16035	30.6	242	141	10	25	251	34	263	4.80e-26	102	259	263
Venom_SVSP-5	crovir-protein-237	31.1	209	124	8	50	245	20	221	6.98e-22	90.1	259	227
Venom_SVSP-5	crovir-protein-16943	32.4	225	116	9	52	249	246	461	1.12e-21	92.8	259	464
Venom_SVSP-5	crovir-protein-12262	30.5	233	132	7	40	244	74	304	1.32e-19	87.4	259	1348
Venom_SVSP-5	crovir-protein-2788	27.7	206	117	8	19	201	30	226	2.10e-15	72.8	259	241
Venom_SVSP-5	crovir-protein-10630	29.2	195	126	6	25	209	135	327	2.71e-14	71.6	259	833
Venom_SVSP-5	crovir-protein-3046	27.8	245	152	8	19	250	43	275	2.67e-12	65.5	259	508
Venom_SVSP-6	crovir-protein-SVSP_9	94.1	254	4	1	18	260	35	288	1.59e-180	496	261	288
Venom_SVSP-6	crovir-protein-SVSP_4	78.6	262	52	2	1	260	1	260	3.62e-152	424	261	260
Venom_SVSP-6	crovir-protein-SVSP_5	79.3	261	50	2	1	259	1	259	3.62e-152	424	261	260
Venom_SVSP-6	crovir-protein-SVSP_7	77.7	260	56	1	1	260	1	258	1.07e-148	415	261	258
Venom_SVSP-6	crovir-protein-SVSP_8	75.7	259	61	1	1	259	1	257	1.39e-144	404	261	258
Venom_SVSP-6	crovir-protein-SVSP_3	73.1	260	67	1	1	260	1	257	4.72e-138	388	261	257
Venom_SVSP-6	crovir-protein-SVSP_6	71.3	261	50	2	1	259	1	238	2.29e-130	368	261	242
Venom_SVSP-6	crovir-protein-SVSP_1	65.9	261	87	1	1	259	1	261	2.41e-125	356	261	262
Venom_SVSP-6	crovir-protein-SVSP_2	70.1	204	46	3	1	202	1	191	6.41e-95	276	261	192
Venom_SVSP-6	crovir-protein-15157	38.9	229	134	4	25	253	137	359	2.45e-53	176	261	359
Venom_SVSP-6	crovir-protein-15161	36.8	239	139	7	18	253	72	301	8.27e-50	165	261	301
Venom_SVSP-6	crovir-protein-13103	34.0	241	144	8	19	248	198	434	9.51e-33	124	261	483
Venom_SVSP-6	crovir-protein-6830	33.8	237	142	9	25	253	54	283	1.18e-31	117	261	284
Venom_SVSP-6	crovir-protein-2795	35.1	222	113	10	52	247	62	278	3.14e-30	114	261	314
Venom_SVSP-6	crovir-protein-4572	32.6	236	140	8	25	246	394	624	3.66e-30	117	261	631
Venom_SVSP-6	crovir-protein-15163	30.2	248	111	7	25	253	32	236	1.25e-29	110	261	236
Venom_SVSP-6	crovir-protein-15790	32.4	241	148	9	20	254	38	269	1.36e-29	111	261	270
Venom_SVSP-6	crovir-protein-16035	32.2	236	147	9	25	253	34	263	1.79e-27	105	261	263
Venom_SVSP-6	crovir-protein-7672	31.4	245	146	9	25	252	703	942	2.13e-27	110	261	951
Venom_SVSP-6	crovir-protein-2782	31.7	268	132	12	25	254	47	301	8.93e-27	105	261	334
Venom_SVSP-6	crovir-protein-2362	34.9	218	114	11	46	246	44	250	1.66e-25	100	261	256
Venom_SVSP-6	crovir-protein-10489	31.9	248	140	13	25	250	283	523	1.22e-24	101	261	531
Venom_SVSP-6	crovir-protein-237	30.3	218	137	8	40	247	9	221	3.76e-22	90.9	261	227
Venom_SVSP-6	crovir-protein-12262	28.4	229	134	7	46	246	78	304	6.26e-19	85.5	261	1348
Venom_SVSP-6	crovir-protein-2366	34.0	147	79	7	112	246	241	381	5.52e-17	79.0	261	387
Venom_SVSP-6	crovir-protein-11620	25.9	224	126	8	38	250	100	294	1.85e-16	76.6	261	299
Venom_SVSP-6	crovir-protein-10630	31.6	196	122	6	25	211	135	327	3.15e-16	77.4	261	833
Venom_SVSP-6	crovir-protein-3046	26.9	253	134	10	25	252	49	275	8.39e-13	67.0	261	508
Venom_SVSP-6	crovir-protein-2788	24.9	173	116	4	45	203	54	226	2.40e-10	58.5	261	241
Venom_SVSP-7	crovir-protein-SVSP_8	96.1	258	10	0	1	258	1	258	1.42e-189	518	259	258
Venom_SVSP-7	crovir-protein-SVSP_4	77.2	259	57	1	1	257	1	259	1.02e-146	410	259	260
Venom_SVSP-7	crovir-protein-SVSP_5	75.0	260	63	1	1	258	1	260	6.83e-145	405	259	260
Venom_SVSP-7	crovir-protein-SVSP_7	77.0	257	59	0	1	257	1	257	9.03e-145	405	259	258
Venom_SVSP-7	crovir-protein-SVSP_3	74.3	257	65	1	1	257	1	256	5.32e-139	390	259	257
Venom_SVSP-7	crovir-protein-SVSP_9	70.8	253	61	2	18	257	35	287	3.71e-130	369	259	288
Venom_SVSP-7	crovir-protein-SVSP_6	68.7	259	58	2	1	257	1	238	6.06e-123	349	259	242
Venom_SVSP-7	crovir-protein-SVSP_1	65.5	261	86	2	1	257	1	261	9.97e-122	347	259	262
Venom_SVSP-7	crovir-protein-SVSP_2	65.7	204	53	4	1	200	1	191	8.95e-85	250	259	192
Venom_SVSP-7	crovir-protein-15157	42.7	227	126	4	25	251	137	359	3.40e-56	183	259	359
Venom_SVSP-7	crovir-protein-15161	38.6	236	137	6	18	251	72	301	3.07e-49	163	259	301
Venom_SVSP-7	crovir-protein-13103	36.2	243	134	7	19	246	198	434	5.22e-39	140	259	483
Venom_SVSP-7	crovir-protein-2795	36.4	247	126	9	25	245	37	278	3.33e-35	127	259	314
Venom_SVSP-7	crovir-protein-15790	35.6	222	128	8	39	252	55	269	8.29e-32	117	259	270
Venom_SVSP-7	crovir-protein-15163	32.9	246	105	7	25	251	32	236	1.04e-31	116	259	236
Venom_SVSP-7	crovir-protein-12135	35.1	225	108	9	49	249	614	824	6.85e-31	120	259	825
Venom_SVSP-7	crovir-protein-6830	32.5	234	147	7	25	251	54	283	6.31e-30	112	259	284
Venom_SVSP-7	crovir-protein-16035	32.3	229	124	11	40	251	49	263	1.56e-29	111	259	263
Venom_SVSP-7	crovir-protein-4572	34.2	234	137	7	25	244	394	624	7.65e-29	114	259	631
Venom_SVSP-7	crovir-protein-17141	33.9	227	128	8	50	258	80	302	1.20e-27	110	259	1561
Venom_SVSP-7	crovir-protein-16809	31.3	233	119	9	52	245	187	417	2.78e-26	105	259	432
Venom_SVSP-7	crovir-protein-237	31.5	222	131	9	38	245	7	221	3.41e-24	96.3	259	227
Venom_SVSP-7	crovir-protein-12262	31.2	247	135	8	25	244	66	304	1.48e-23	99.0	259	1348
Venom_SVSP-7	crovir-protein-3820	32.8	238	129	12	38	254	65	292	1.56e-23	96.3	259	311
Venom_SVSP-7	crovir-protein-15100	30.9	223	122	9	51	248	365	580	3.74e-21	91.7	259	588
Venom_SVSP-7	crovir-protein-2788	27.7	206	117	7	19	201	30	226	8.79e-18	79.3	259	241
Venom_SVSP-7	crovir-protein-3802	30.8	195	104	7	25	201	245	426	1.69e-16	78.2	259	905
Venom_SVSP-7	crovir-protein-15164	38.8	98	55	3	157	251	15	110	5.55e-16	71.2	259	110
Venom_SVSP-7	crovir-protein-15097	30.8	237	117	11	51	249	442	669	6.99e-16	76.3	259	679
Venom_SVSP-7	crovir-protein-3046	27.5	244	142	8	25	250	49	275	3.04e-14	71.2	259	508
Venom_SVSP-7	crovir-protein-14486	27.0	252	130	12	26	257	59	276	3.56e-12	64.3	259	292
Venom_SVSP-8	crovir-protein-SVSP_5	74.5	259	64	1	1	257	1	259	5.92e-139	390	259	260
Venom_SVSP-8	crovir-protein-SVSP_7	71.3	258	74	0	1	258	1	258	7.87e-132	372	259	258
Venom_SVSP-8	crovir-protein-SVSP_3	71.3	258	73	1	1	258	1	257	1.53e-131	371	259	257
Venom_SVSP-8	crovir-protein-SVSP_4	71.2	260	73	1	1	258	1	260	1.70e-131	371	259	260
Venom_SVSP-8	crovir-protein-SVSP_8	70.0	257	77	0	1	257	1	257	1.06e-129	367	259	258
Venom_SVSP-8	crovir-protein-SVSP_9	66.9	254	71	2	18	258	35	288	2.32e-119	342	259	288
Venom_SVSP-8	crovir-protein-SVSP_1	65.5	261	86	2	1	257	1	261	7.73e-119	339	259	262
Venom_SVSP-8	crovir-protein-SVSP_6	66.8	259	63	2	1	257	1	238	8.56e-116	331	259	242
Venom_SVSP-8	crovir-protein-SVSP_2	66.3	205	52	4	1	201	1	192	2.08e-83	247	259	192
Venom_SVSP-8	crovir-protein-15161	39.1	235	137	5	18	251	72	301	8.90e-52	170	259	301
Venom_SVSP-8	crovir-protein-15157	39.0	228	133	5	25	251	137	359	1.66e-49	166	259	359
Venom_SVSP-8	crovir-protein-13103	34.0	241	138	8	19	244	198	432	2.65e-36	133	259	483
Venom_SVSP-8	crovir-protein-2795	34.4	244	135	9	25	245	37	278	4.67e-35	127	259	314
Venom_SVSP-8	crovir-protein-12135	31.7	246	148	9	19	249	584	824	3.20e-32	124	259	825
Venom_SVSP-8	crovir-protein-4572	33.8	234	138	7	25	244	394	624	1.55e-31	121	259	631
Venom_SVSP-8	crovir-protein-17141	35.6	225	125	7	50	257	80	301	1.44e-30	119	259	1561
Venom_SVSP-8	crovir-protein-15163	34.0	244	105	8	25	251	32	236	4.33e-30	112	259	236
Venom_SVSP-8	crovir-protein-6830	31.2	234	150	6	25	251	54	283	6.31e-30	112	259	284
Venom_SVSP-8	crovir-protein-16035	34.1	214	128	9	46	251	55	263	3.19e-28	107	259	263
Venom_SVSP-8	crovir-protein-15790	34.9	212	123	10	49	252	65	269	7.83e-25	99.0	259	270
Venom_SVSP-8	crovir-protein-16809	28.6	238	119	9	52	245	187	417	1.16e-23	98.2	259	432
Venom_SVSP-8	crovir-protein-237	30.4	214	136	7	41	245	12	221	6.84e-23	92.8	259	227
Venom_SVSP-8	crovir-protein-16943	31.5	251	138	9	25	249	219	461	8.19e-22	93.2	259	464
Venom_SVSP-8	crovir-protein-12262	30.7	228	129	8	50	249	84	310	1.91e-21	92.8	259	1348
Venom_SVSP-8	crovir-protein-3820	32.1	221	119	12	49	249	78	287	1.42e-20	88.2	259	311
Venom_SVSP-8	crovir-protein-11620	27.1	210	114	8	50	248	113	294	1.78e-16	76.6	259	299
Venom_SVSP-8	crovir-protein-3046	25.7	253	143	8	25	254	49	279	8.30e-16	75.9	259	508
Venom_SVSP-8	crovir-protein-2788	26.5	196	130	5	19	200	30	225	2.10e-15	72.8	259	241
Venom_SVSP-8	crovir-protein-14486	27.2	243	129	10	25	248	51	264	3.03e-13	67.4	259	292
Venom_SVSP-9	crovir-protein-SVSP_8	78.9	266	47	1	1	266	1	257	5.75e-148	413	268	258
Venom_SVSP-9	crovir-protein-SVSP_4	76.1	268	53	2	1	266	1	259	7.60e-142	398	268	260
Venom_SVSP-9	crovir-protein-SVSP_5	75.5	269	55	2	1	267	1	260	7.60e-142	398	268	260
Venom_SVSP-9	crovir-protein-SVSP_7	76.3	266	54	1	1	266	1	257	1.01e-141	397	268	258
Venom_SVSP-9	crovir-protein-SVSP_3	70.3	266	69	2	1	266	1	256	5.09e-130	368	268	257
Venom_SVSP-9	crovir-protein-SVSP_9	68.8	256	67	2	24	266	32	287	4.24e-122	349	268	288
Venom_SVSP-9	crovir-protein-SVSP_6	67.5	268	55	3	1	266	1	238	1.56e-118	338	268	242
Venom_SVSP-9	crovir-protein-SVSP_1	64.1	270	84	3	1	266	1	261	1.13e-113	327	268	262
Venom_SVSP-9	crovir-protein-SVSP_2	65.7	213	47	5	1	209	1	191	1.43e-83	248	268	192
Venom_SVSP-9	crovir-protein-15157	38.3	235	135	5	29	260	132	359	1.78e-43	150	268	359
Venom_SVSP-9	crovir-protein-15161	36.6	238	139	5	27	260	72	301	2.13e-41	143	268	301
Venom_SVSP-9	crovir-protein-13103	35.0	246	133	7	28	255	198	434	2.09e-31	120	268	483
Venom_SVSP-9	crovir-protein-6830	32.8	235	145	8	34	260	54	283	1.18e-27	107	268	284
Venom_SVSP-9	crovir-protein-2795	32.9	258	140	10	24	254	27	278	3.96e-27	106	268	314
Venom_SVSP-9	crovir-protein-4572	34.3	242	141	9	26	253	387	624	4.52e-26	106	268	631
Venom_SVSP-9	crovir-protein-15163	31.9	254	115	6	25	260	23	236	6.83e-25	98.6	268	236
Venom_SVSP-9	crovir-protein-15790	35.1	251	136	12	18	261	39	269	6.92e-25	99.4	268	270
Venom_SVSP-9	crovir-protein-15789	32.4	207	97	7	58	260	80	247	4.67e-23	94.0	268	248
Venom_SVSP-9	crovir-protein-16035	30.6	216	124	9	59	260	60	263	3.16e-21	89.4	268	263
Venom_SVSP-9	crovir-protein-16809	28.2	234	127	9	60	254	186	417	8.93e-18	81.6	268	432
Venom_SVSP-9	crovir-protein-237	28.6	206	133	6	59	254	20	221	1.13e-17	79.0	268	227
Venom_SVSP-9	crovir-protein-3355	29.6	196	122	6	34	218	238	428	3.65e-16	77.4	268	864
Venom_SVSP-9	crovir-protein-12262	30.1	226	128	7	56	253	81	304	9.82e-16	76.3	268	1348
Venom_SVSP-9	crovir-protein-2788	26.6	199	132	5	25	209	27	225	2.80e-13	67.0	268	241
Venom_SVSP-9	crovir-protein-15164	36.0	111	55	4	158	260	8	110	1.57e-11	59.3	268	110
Venom_SVSP-9	crovir-protein-3046	26.2	263	141	8	28	263	43	279	1.82e-11	63.2	268	508
Venom_SVSP-10	crovir-protein-SVSP_6	77.3	66	13	1	21	84	137	202	1.50e-28	103	117	242
Venom_SVSP-10	crovir-protein-SVSP_3	71.6	67	19	0	19	85	155	221	3.15e-27	100	117	257
Venom_SVSP-10	crovir-protein-SVSP_7	71.4	63	18	0	19	81	156	218	6.88e-26	96.7	117	258
Venom_SVSP-10	crovir-protein-SVSP_4	70.6	68	18	1	19	84	156	223	1.41e-25	95.9	117	260
Venom_SVSP-10	crovir-protein-SVSP_8	70.3	64	19	0	21	84	158	221	5.28e-25	94.4	117	258
Venom_SVSP-10	crovir-protein-SVSP_5	67.6	68	20	1	19	84	156	223	7.69e-25	94.0	117	260
Venom_SVSP-10	crovir-protein-SVSP_1	64.7	68	22	1	19	84	158	225	3.51e-22	87.0	117	262
Venom_SVSP-10	crovir-protein-SVSP_9	59.7	77	20	1	19	84	175	251	3.72e-22	87.4	117	288
Venom_SVSP-10	crovir-protein-SVSP_2	68.1	47	13	1	19	63	145	191	3.28e-15	67.4	117	192
Venom_SVSP-10	crovir-protein-15789	45.0	60	30	2	28	84	158	217	8.87e-10	53.5	117	248
Venom_SVSP-10	crovir-protein-13103	52.0	50	21	2	27	74	348	396	2.34e-09	52.8	117	483
Venom_SVSP-10	crovir-protein-15790	48.3	58	27	2	28	82	179	236	4.82e-09	51.6	117	270
Venom_SVSP-10	crovir-protein-2795	41.0	78	31	3	29	91	186	263	1.00e-08	50.8	117	314
Venom_SVSP-10	crovir-protein-6830	38.3	60	35	1	31	90	202	259	3.58e-06	43.5	117	284
Venom_SVSP-10	crovir-protein-16809	37.0	81	32	3	15	85	322	393	5.36e-06	43.1	117	432
Venom_SVSP-10	crovir-protein-3355	43.5	46	22	1	41	82	397	442	4.39e-04	37.7	117	864
Venom_SVSP-11	crovir-protein-SVSP_4	80.7	259	49	1	1	258	1	259	9.35e-157	435	260	260
Venom_SVSP-11	crovir-protein-SVSP_5	79.9	259	51	1	1	258	1	259	5.40e-156	433	260	260
Venom_SVSP-11	crovir-protein-SVSP_7	82.6	259	42	2	1	258	1	257	5.86e-155	431	260	258
Venom_SVSP-11	crovir-protein-SVSP_3	74.8	258	63	1	1	258	1	256	5.81e-141	395	260	257
Venom_SVSP-11	crovir-protein-SVSP_6	73.3	258	49	1	1	258	1	238	4.40e-137	385	260	242
Venom_SVSP-11	crovir-protein-SVSP_8	71.8	259	70	2	1	258	1	257	3.00e-134	378	260	258
Venom_SVSP-11	crovir-protein-SVSP_1	67.2	262	83	1	1	259	1	262	6.00e-128	362	260	262
Venom_SVSP-11	crovir-protein-SVSP_9	67.5	255	67	3	18	258	35	287	1.55e-122	350	260	288
Venom_SVSP-11	crovir-protein-SVSP_2	71.1	204	43	3	1	201	1	191	1.24e-94	275	260	192
Venom_SVSP-11	crovir-protein-15157	39.0	228	134	3	25	252	137	359	6.62e-53	174	260	359
Venom_SVSP-11	crovir-protein-15161	37.8	238	137	6	18	252	72	301	1.30e-51	169	260	301
Venom_SVSP-11	crovir-protein-2795	36.7	221	113	8	49	246	62	278	1.25e-35	128	260	314
Venom_SVSP-11	crovir-protein-13103	33.5	239	147	7	19	247	198	434	1.76e-32	123	260	483
Venom_SVSP-11	crovir-protein-6830	32.8	235	146	7	25	252	54	283	2.37e-30	114	260	284
Venom_SVSP-11	crovir-protein-17141	36.5	233	126	9	44	258	73	301	2.74e-30	118	260	1561
Venom_SVSP-11	crovir-protein-16035	35.1	211	123	8	49	252	60	263	4.16e-30	112	260	263
Venom_SVSP-11	crovir-protein-15163	29.6	247	113	7	25	252	32	236	3.37e-29	109	260	236
Venom_SVSP-11	crovir-protein-15790	32.7	208	133	6	49	253	66	269	7.09e-29	109	260	270
Venom_SVSP-11	crovir-protein-4572	33.2	238	135	9	25	245	394	624	7.86e-29	114	260	631
Venom_SVSP-11	crovir-protein-12135	31.8	255	139	11	19	251	584	825	9.40e-29	114	260	825
Venom_SVSP-11	crovir-protein-16809	31.8	233	120	10	51	246	187	417	5.40e-26	104	260	432
Venom_SVSP-11	crovir-protein-3355	31.4	223	110	10	25	221	238	443	2.41e-21	92.4	260	864
Venom_SVSP-11	crovir-protein-12262	31.4	223	125	8	49	245	84	304	4.85e-21	91.7	260	1348
Venom_SVSP-11	crovir-protein-3820	30.4	214	124	9	49	246	79	283	1.05e-20	88.6	260	311
Venom_SVSP-11	crovir-protein-237	29.9	221	129	10	41	246	12	221	1.40e-19	84.0	260	227
Venom_SVSP-11	crovir-protein-2788	31.5	165	101	5	49	201	61	225	3.27e-17	77.8	260	241
Venom_SVSP-11	crovir-protein-3046	28.0	246	147	11	25	255	49	279	6.26e-16	76.3	260	508
Venom_SVSP-11	crovir-protein-10630	30.5	174	104	6	48	210	160	327	5.01e-14	70.9	260	833
Venom_SVSP-11	crovir-protein-11620	25.9	212	116	9	49	249	113	294	9.48e-12	63.2	260	299
Venom_SVSP-11	crovir-protein-14486	26.6	222	118	9	49	256	81	271	1.03e-10	60.1	260	292
Venom_SVSP-12	crovir-protein-SVSP_5	75.2	258	61	2	1	255	1	258	3.61e-142	398	258	260
Venom_SVSP-12	crovir-protein-SVSP_4	73.1	260	67	2	1	257	1	260	6.62e-138	387	258	260
Venom_SVSP-12	crovir-protein-SVSP_7	72.1	258	71	1	1	257	1	258	1.68e-135	381	258	258
Venom_SVSP-12	crovir-protein-SVSP_1	71.2	260	70	2	1	255	1	260	7.87e-135	380	258	262
Venom_SVSP-12	crovir-protein-SVSP_3	68.9	257	80	0	1	257	1	257	4.21e-131	370	258	257
Venom_SVSP-12	crovir-protein-SVSP_9	69.3	254	64	2	18	257	35	288	3.57e-130	369	258	288
Venom_SVSP-12	crovir-protein-SVSP_8	69.5	256	77	1	1	255	1	256	1.45e-129	366	258	258
Venom_SVSP-12	crovir-protein-SVSP_6	68.9	257	58	2	1	255	1	237	1.44e-123	350	258	242
Venom_SVSP-12	crovir-protein-SVSP_2	69.3	205	45	4	1	200	1	192	3.82e-93	271	258	192
Venom_SVSP-12	crovir-protein-15161	40.9	235	132	4	18	250	72	301	4.99e-57	183	258	301
Venom_SVSP-12	crovir-protein-15157	40.7	226	131	3	25	250	137	359	2.02e-54	178	258	359
Venom_SVSP-12	crovir-protein-15163	34.3	245	102	7	25	250	32	236	9.59e-37	129	258	236
Venom_SVSP-12	crovir-protein-2795	36.9	225	105	9	49	244	62	278	3.24e-35	127	258	314
Venom_SVSP-12	crovir-protein-16035	35.5	214	116	9	49	250	60	263	2.35e-33	121	258	263
Venom_SVSP-12	crovir-protein-13103	33.9	239	144	8	19	245	198	434	2.31e-32	122	258	483
Venom_SVSP-12	crovir-protein-17141	38.1	215	113	8	46	243	77	288	6.57e-32	123	258	1561
Venom_SVSP-12	crovir-protein-6830	31.9	235	146	9	25	250	54	283	1.53e-31	117	258	284
Venom_SVSP-12	crovir-protein-4572	30.9	236	141	7	25	243	394	624	1.33e-30	119	258	631
Venom_SVSP-12	crovir-protein-15790	34.1	208	128	7	49	251	66	269	3.28e-30	113	258	270
Venom_SVSP-12	crovir-protein-12135	30.9	249	145	10	19	248	584	824	1.05e-29	116	258	825
Venom_SVSP-12	crovir-protein-7672	30.3	244	140	9	35	250	152	393	4.90e-27	108	258	951
Venom_SVSP-12	crovir-protein-237	30.0	213	137	6	41	244	12	221	8.75e-25	97.8	258	227
Venom_SVSP-12	crovir-protein-3820	32.4	219	119	11	49	248	79	287	1.54e-24	99.0	258	311
Venom_SVSP-12	crovir-protein-3355	32.9	216	114	10	25	219	238	443	2.75e-22	95.1	258	864
Venom_SVSP-12	crovir-protein-11620	28.2	213	114	7	46	247	110	294	6.21e-21	89.0	258	299
Venom_SVSP-12	crovir-protein-12262	30.0	230	128	10	49	248	84	310	1.15e-20	90.5	258	1348
Venom_SVSP-12	crovir-protein-16943	29.9	224	125	7	50	248	245	461	1.30e-20	89.7	258	464
Venom_SVSP-12	crovir-protein-3046	27.3	249	135	10	25	249	49	275	1.43e-18	84.0	258	508
Venom_SVSP-12	crovir-protein-15097	30.2	235	123	11	48	247	440	668	3.76e-16	77.0	258	679
Venom_SVSP-12	crovir-protein-14486	28.2	213	110	8	49	247	81	264	5.75e-16	75.1	258	292
Venom_SVSP-12	crovir-protein-2788	27.1	199	124	7	19	199	30	225	2.65e-14	69.7	258	241
Venom_SVSP-12	crovir-protein-10630	29.1	196	124	7	25	208	135	327	6.51e-14	70.5	258	833
Venom_SVSP-13	crovir-protein-SVSP_7	90.7	258	23	1	1	257	1	258	6.88e-174	478	258	258
Venom_SVSP-13	crovir-protein-SVSP_5	77.2	259	56	2	1	256	1	259	5.13e-142	398	258	260
Venom_SVSP-13	crovir-protein-SVSP_4	74.6	260	63	2	1	257	1	260	8.08e-139	390	258	260
Venom_SVSP-13	crovir-protein-SVSP_8	74.7	257	64	1	1	256	1	257	2.16e-138	389	258	258
Venom_SVSP-13	crovir-protein-SVSP_3	70.2	258	75	2	1	257	1	257	8.49e-131	369	258	257
Venom_SVSP-13	crovir-protein-SVSP_9	67.7	254	68	3	18	257	35	288	1.11e-119	342	258	288
Venom_SVSP-13	crovir-protein-SVSP_6	68.7	259	57	3	1	256	1	238	2.48e-117	335	258	242
Venom_SVSP-13	crovir-protein-SVSP_1	65.3	262	84	4	1	256	1	261	7.74e-114	327	258	262
Venom_SVSP-13	crovir-protein-SVSP_2	67.3	205	47	6	1	199	1	191	1.63e-82	244	258	192
Venom_SVSP-13	crovir-protein-15157	39.0	231	138	3	20	250	132	359	1.75e-48	163	258	359
Venom_SVSP-13	crovir-protein-15161	37.4	235	140	5	18	250	72	301	2.20e-45	153	258	301
Venom_SVSP-13	crovir-protein-15163	32.0	250	113	5	19	250	26	236	7.77e-31	114	258	236
Venom_SVSP-13	crovir-protein-2782	32.8	262	146	7	22	254	44	304	2.98e-30	114	258	334
Venom_SVSP-13	crovir-protein-2795	33.8	228	125	7	40	244	54	278	4.16e-29	111	258	314
Venom_SVSP-13	crovir-protein-16035	33.3	234	144	8	25	250	34	263	5.82e-29	109	258	263
Venom_SVSP-13	crovir-protein-13103	33.6	241	142	6	19	245	198	434	1.33e-28	112	258	483
Venom_SVSP-13	crovir-protein-15790	34.5	220	132	9	39	251	55	269	1.91e-27	105	258	270
Venom_SVSP-13	crovir-protein-6830	29.2	233	155	5	25	250	54	283	3.60e-26	102	258	284
Venom_SVSP-13	crovir-protein-4572	31.3	233	144	6	25	243	394	624	7.29e-23	96.7	258	631
Venom_SVSP-13	crovir-protein-237	32.1	212	119	9	49	244	19	221	6.93e-21	87.4	258	227
Venom_SVSP-13	crovir-protein-2362	32.9	210	116	9	50	243	50	250	1.13e-18	82.0	258	256
Venom_SVSP-13	crovir-protein-12262	30.5	233	131	8	40	243	74	304	3.57e-18	83.2	258	1348
Venom_SVSP-13	crovir-protein-10489	32.3	217	123	11	49	247	313	523	1.85e-16	77.8	258	531
Venom_SVSP-13	crovir-protein-10630	31.8	195	120	6	25	208	135	327	9.85e-16	75.9	258	833
Venom_SVSP-13	crovir-protein-2788	28.8	198	122	7	19	199	30	225	5.00e-14	68.9	258	241
Venom_SVSP-13	crovir-protein-3046	27.7	249	154	8	19	253	43	279	3.26e-13	68.2	258	508
Venom_SVSP-13	crovir-protein-2366	31.0	145	86	7	109	243	241	381	9.73e-12	63.5	258	387
Venom_SVMP-1	crovir-protein-SVMP_2	71.0	613	163	7	1	612	1	599	0.0	884	613	599
Venom_SVMP-1	crovir-protein-SVMP_9	67.9	613	150	4	1	612	1	567	5.80e-296	815	613	567
Venom_SVMP-1	crovir-protein-SVMP_6	62.0	629	188	8	1	612	1	595	7.49e-263	732	613	595
Venom_SVMP-1	crovir-protein-SVMP_11	57.2	619	256	5	1	612	1	617	9.38e-255	712	613	618
Venom_SVMP-1	crovir-protein-SVMP_1	93.9	342	21	0	212	553	19	360	6.44e-248	685	613	360
Venom_SVMP-1	crovir-protein-SVMP_10	57.8	612	142	4	1	612	1	496	6.97e-246	685	613	496
Venom_SVMP-1	crovir-protein-SVMP_3	58.9	555	125	3	1	551	1	456	1.66e-227	637	613	458
Venom_SVMP-1	crovir-protein-SVMP_7	70.0	434	112	4	1	423	1	427	1.71e-207	589	613	536
Venom_SVMP-1	crovir-protein-SVMP_8	65.1	453	133	4	1	430	1	451	1.01e-201	572	613	458
Venom_SVMP-1	crovir-protein-SVMP_4	52.5	564	147	8	1	453	1	554	1.56e-180	523	613	611
Venom_SVMP-1	crovir-protein-SVMP_5	45.4	518	79	5	1	517	1	315	2.02e-123	367	613	322
Venom_SVMP-1	crovir-protein-7465	31.7	586	354	15	55	609	12	582	2.38e-93	300	613	657
Venom_SVMP-1	crovir-protein-13777	36.6	464	245	10	182	599	71	531	1.85e-88	290	613	772
Venom_SVMP-1	crovir-protein-7463	31.4	602	375	15	31	609	49	635	3.28e-88	288	613	735
Venom_SVMP-1	crovir-protein-16409	30.5	596	369	16	31	599	43	620	1.98e-76	257	613	748
Venom_SVMP-1	crovir-protein-10431	30.3	509	274	12	126	609	81	533	6.21e-60	212	613	725
Venom_SVMP-1	crovir-protein-2457	29.1	618	330	23	68	609	48	633	2.71e-57	204	613	726
Venom_SVMP-1	crovir-protein-7250	86.0	107	11	2	19	121	39	145	5.38e-55	182	613	147
Venom_SVMP-1	crovir-protein-12906	30.6	448	238	9	109	551	104	483	1.37e-54	192	613	484
Venom_SVMP-1	crovir-protein-12856	51.8	168	72	4	453	612	21	187	5.35e-51	180	613	401
Venom_SVMP-1	crovir-protein-12550	26.4	538	281	14	84	605	46	484	7.38e-43	162	613	650
Venom_SVMP-1	crovir-protein-12864	65.7	105	12	1	46	126	55	159	2.53e-37	135	613	159
Venom_SVMP-1	crovir-protein-10407	36.8	250	132	8	126	360	2	240	5.62e-37	137	613	244
Venom_SVMP-1	crovir-protein-12863	70.2	84	20	1	1	79	1	84	2.25e-28	108	613	105
Venom_SVMP-1	crovir-protein-15766	27.5	364	200	15	57	377	69	411	5.51e-24	106	613	1012
Venom_SVMP-1	crovir-protein-6734	28.3	276	124	12	103	353	246	472	2.45e-14	75.9	613	954
Venom_SVMP-1	crovir-protein-15869	25.8	233	138	7	192	417	15	219	3.55e-14	75.5	613	1222
Venom_SVMP-1	crovir-protein-11404	30.5	213	115	8	267	449	60	269	6.55e-14	74.7	613	1524
Venom_SVMP-1	crovir-protein-15532	29.4	177	103	6	286	444	193	365	1.84e-11	66.6	613	970
Venom_SVMP-1	crovir-protein-10826	61.4	44	17	0	320	363	1245	1288	1.06e-10	64.3	613	1405
Venom_SVMP-1	crovir-protein-1487	28.9	83	58	1	329	410	378	460	6.46e-04	42.0	613	525
Venom_SVMP-2	crovir-protein-SVMP_2	68.7	613	175	8	1	610	1	599	1.79e-309	850	611	599
Venom_SVMP-2	crovir-protein-SVMP_9	66.3	612	159	5	1	610	1	567	2.15e-288	796	611	567
Venom_SVMP-2	crovir-protein-SVMP_6	60.6	629	195	10	1	610	1	595	2.20e-254	711	611	595
Venom_SVMP-2	crovir-protein-SVMP_11	55.5	620	263	8	1	610	1	617	7.20e-249	697	611	618
Venom_SVMP-2	crovir-protein-SVMP_10	57.4	611	144	5	1	610	1	496	9.18e-246	685	611	496
Venom_SVMP-2	crovir-protein-SVMP_3	56.8	555	135	6	1	549	1	456	7.96e-218	612	611	458
Venom_SVMP-2	crovir-protein-SVMP_1	81.0	342	63	2	212	551	19	360	3.71e-213	597	611	360
Venom_SVMP-2	crovir-protein-SVMP_7	69.1	434	114	6	1	421	1	427	4.49e-202	575	611	536
Venom_SVMP-2	crovir-protein-SVMP_8	64.9	453	132	5	1	428	1	451	4.08e-198	562	611	458
Venom_SVMP-2	crovir-protein-SVMP_4	51.1	564	153	10	1	451	1	554	5.92e-169	494	611	611
Venom_SVMP-2	crovir-protein-SVMP_5	46.0	517	77	5	1	516	1	316	3.31e-127	376	611	322
Venom_SVMP-2	crovir-protein-7463	30.4	599	383	13	31	607	49	635	3.00e-89	291	611	735
Venom_SVMP-2	crovir-protein-7465	29.5	584	368	11	55	607	12	582	1.51e-88	287	611	657
Venom_SVMP-2	crovir-protein-16409	30.4	601	372	14	31	603	43	625	1.77e-82	273	611	748
Venom_SVMP-2	crovir-protein-12906	30.7	430	225	10	126	549	121	483	3.59e-55	194	611	484
Venom_SVMP-2	crovir-protein-7250	86.0	107	11	2	19	121	39	145	1.98e-54	181	611	147
Venom_SVMP-2	crovir-protein-2457	28.3	555	304	19	67	561	47	567	1.34e-53	194	611	726
Venom_SVMP-2	crovir-protein-10431	27.0	508	290	13	126	607	81	533	1.07e-51	189	611	725
Venom_SVMP-2	crovir-protein-12864	53.4	148	39	3	3	126	18	159	6.88e-38	137	611	159
Venom_SVMP-2	crovir-protein-12863	67.9	84	22	1	1	79	1	84	7.86e-28	107	611	105
Venom_SVMP-2	crovir-protein-15532	26.8	239	139	9	300	517	214	437	2.66e-12	69.3	611	970
Venom_SVMP-3	crovir-protein-SVMP_2	69.7	488	141	5	1	486	1	483	1.02e-245	684	488	599
Venom_SVMP-3	crovir-protein-SVMP_9	65.0	488	128	4	1	486	1	447	2.70e-216	608	488	567
Venom_SVMP-3	crovir-protein-SVMP_7	68.7	434	118	4	1	423	1	427	6.25e-205	578	488	536
Venom_SVMP-3	crovir-protein-SVMP_8	64.7	453	135	4	1	430	1	451	2.88e-201	565	488	458
Venom_SVMP-3	crovir-protein-SVMP_11	57.5	494	202	4	1	486	1	494	2.95e-198	564	488	618
Venom_SVMP-3	crovir-protein-SVMP_6	61.5	499	141	8	1	481	1	466	7.75e-193	549	488	595
Venom_SVMP-3	crovir-protein-SVMP_10	56.8	482	92	4	1	481	1	367	4.98e-182	518	488	496
Venom_SVMP-3	crovir-protein-SVMP_4	51.4	564	153	8	1	453	1	554	5.05e-177	509	488	611
Venom_SVMP-3	crovir-protein-SVMP_3	54.0	491	122	5	1	486	1	392	7.69e-177	503	488	458
Venom_SVMP-3	crovir-protein-SVMP_1	85.6	271	38	1	212	481	19	289	3.02e-174	493	488	360
Venom_SVMP-3	crovir-protein-SVMP_5	58.0	317	78	4	1	315	1	264	4.40e-105	315	488	322
Venom_SVMP-3	crovir-protein-7465	29.7	437	296	7	55	486	12	442	7.03e-65	221	488	657
Venom_SVMP-3	crovir-protein-7463	29.9	461	305	10	31	486	49	496	2.44e-64	221	488	735
Venom_SVMP-3	crovir-protein-16409	29.3	460	307	11	31	486	43	488	2.97e-56	199	488	748
Venom_SVMP-3	crovir-protein-7250	86.0	107	11	2	19	121	39	145	5.15e-56	182	488	147
Venom_SVMP-3	crovir-protein-13777	37.8	304	165	6	199	481	88	388	4.56e-54	193	488	772
Venom_SVMP-3	crovir-protein-12906	34.8	316	194	6	109	420	104	411	1.17e-49	176	488	484
Venom_SVMP-3	crovir-protein-10431	29.7	360	218	10	126	462	81	428	1.54e-38	148	488	725
Venom_SVMP-3	crovir-protein-12864	65.7	105	12	1	46	126	55	159	6.50e-38	135	488	159
Venom_SVMP-3	crovir-protein-10407	43.8	176	93	3	191	360	65	240	2.64e-37	136	488	244
Venom_SVMP-3	crovir-protein-12863	70.2	84	20	1	1	79	1	84	1.14e-28	108	488	105
Venom_SVMP-3	crovir-protein-12495	27.9	416	234	19	30	395	26	425	2.72e-22	99.8	488	703
Venom_SVMP-3	crovir-protein-15766	25.3	371	215	12	57	385	69	419	8.27e-22	98.6	488	1012
Venom_SVMP-3	crovir-protein-13341	25.3	383	223	14	55	418	103	441	8.49e-20	92.4	488	1186
Venom_SVMP-3	crovir-protein-11404	28.3	258	151	9	242	468	34	288	1.49e-17	85.5	488	1524
Venom_SVMP-3	crovir-protein-6734	26.9	279	128	10	103	355	246	474	3.10e-13	71.6	488	954
Venom_SVMP-3	crovir-protein-15869	24.4	234	140	8	192	417	15	219	7.77e-13	70.5	488	1222
Venom_SVMP-3	crovir-protein-15532	28.2	177	106	6	300	458	213	386	3.84e-12	68.2	488	970
Venom_SVMP-3	crovir-protein-10826	56.8	44	19	0	320	363	1245	1288	3.59e-10	62.0	488	1405
Venom_SVMP-3	crovir-protein-1487	29.8	121	78	3	302	421	354	468	7.91e-07	50.8	488	525
Venom_SVMP-4	crovir-protein-SVMP_4	72.3	611	4	3	1	446	1	611	6.95e-309	842	447	611
Venom_SVMP-4	crovir-protein-SVMP_2	63.4	453	111	4	1	402	1	449	2.53e-196	556	447	599
Venom_SVMP-4	crovir-protein-SVMP_6	66.2	438	79	4	1	371	1	436	2.72e-192	546	447	595
Venom_SVMP-4	crovir-protein-SVMP_9	60.4	454	87	4	1	402	1	413	1.49e-177	508	447	567
Venom_SVMP-4	crovir-protein-SVMP_7	58.8	432	111	5	1	371	1	426	5.04e-158	457	447	536
Venom_SVMP-4	crovir-protein-SVMP_8	54.4	452	132	6	1	379	1	451	5.27e-154	444	447	458
Venom_SVMP-4	crovir-protein-SVMP_3	53.5	428	103	6	1	402	1	358	1.17e-142	415	447	458
Venom_SVMP-4	crovir-protein-SVMP_11	47.6	460	183	3	1	402	1	460	6.51e-141	416	447	618
Venom_SVMP-4	crovir-protein-SVMP_10	47.2	422	87	3	1	371	1	337	8.46e-117	350	447	496
Venom_SVMP-4	crovir-protein-SVMP_1	60.3	242	96	0	161	402	19	260	7.26e-106	317	447	360
Venom_SVMP-4	crovir-protein-SVMP_5	68.1	248	70	4	1	244	1	243	1.19e-105	315	447	322
Venom_SVMP-4	crovir-protein-7464	32.1	358	227	8	50	402	89	435	1.98e-56	197	447	717
Venom_SVMP-4	crovir-protein-7465	29.6	358	242	6	50	402	57	409	2.37e-56	196	447	657
Venom_SVMP-4	crovir-protein-7463	30.8	360	232	8	50	402	114	463	6.14e-55	194	447	735
Venom_SVMP-4	crovir-protein-12906	34.7	320	196	6	59	373	104	415	2.42e-51	179	447	484
Venom_SVMP-4	crovir-protein-7461	32.2	363	223	10	50	402	99	448	1.06e-50	183	447	842
Venom_SVMP-4	crovir-protein-10407	45.3	179	88	3	140	310	65	241	2.16e-44	154	447	244
Venom_SVMP-4	crovir-protein-16409	30.0	357	229	8	53	401	111	454	3.13e-43	161	447	748
Venom_SVMP-4	crovir-protein-12550	29.7	374	209	12	9	369	20	352	9.08e-42	156	447	650
Venom_SVMP-4	crovir-protein-10431	31.3	358	225	8	32	378	36	383	1.54e-41	156	447	725
Venom_SVMP-4	crovir-protein-12904	28.4	324	210	9	49	370	754	1057	3.84e-33	132	447	1429
Venom_SVMP-4	crovir-protein-10408	45.8	83	45	0	320	402	3	85	8.21e-19	87.8	447	464
Venom_SVMP-4	crovir-protein-3723	25.3	364	198	13	47	344	108	463	1.62e-18	87.8	447	918
Venom_SVMP-4	crovir-protein-7250	42.1	107	8	2	19	71	39	145	2.10e-14	69.7	447	147
Venom_SVMP-4	crovir-protein-12863	68.6	51	16	0	1	51	1	51	4.82e-14	67.4	447	105
Venom_SVMP-4	crovir-protein-11048	27.2	232	112	12	214	400	403	622	3.12e-13	71.2	447	857
Venom_SVMP-4	crovir-protein-10826	71.1	45	13	0	269	313	1245	1289	8.45e-13	70.1	447	1405
Venom_SVMP-4	crovir-protein-15532	24.7	328	189	12	140	415	73	394	8.87e-11	63.5	447	970
Venom_SVMP-5	crovir-protein-SVMP_2	72.6	441	89	7	1	420	1	430	2.06e-218	612	423	599
Venom_SVMP-5	crovir-protein-SVMP_8	65.9	458	120	7	1	422	1	458	2.47e-202	565	423	458
Venom_SVMP-5	crovir-protein-SVMP_7	67.4	432	112	8	1	408	1	427	6.06e-188	532	423	536
Venom_SVMP-5	crovir-protein-SVMP_6	65.2	443	113	9	1	408	1	437	5.45e-183	521	423	595
Venom_SVMP-5	crovir-protein-SVMP_9	64.9	422	109	6	1	415	1	390	8.03e-176	502	423	567
Venom_SVMP-5	crovir-protein-SVMP_10	60.8	413	80	3	1	407	1	337	4.25e-166	475	423	496
Venom_SVMP-5	crovir-protein-SVMP_11	50.9	442	194	7	1	420	1	441	2.68e-144	424	423	618
Venom_SVMP-5	crovir-protein-SVMP_4	46.7	555	141	11	1	420	1	535	6.32e-141	415	423	611
Venom_SVMP-5	crovir-protein-SVMP_3	52.2	437	94	6	1	420	1	339	3.42e-138	402	423	458
Venom_SVMP-5	crovir-protein-SVMP_5	64.8	287	49	2	1	286	1	236	4.65e-115	338	423	322
Venom_SVMP-5	crovir-protein-SVMP_1	49.1	222	98	3	212	419	21	241	2.12e-63	207	423	360
Venom_SVMP-5	crovir-protein-7250	86.0	107	11	2	19	121	39	145	8.02e-57	183	423	147
Venom_SVMP-5	crovir-protein-12864	52.0	148	41	3	3	126	18	159	1.21e-37	133	423	159
Venom_SVMP-5	crovir-protein-12906	31.3	300	179	10	126	406	121	412	4.85e-35	134	423	484
Venom_SVMP-5	crovir-protein-12863	70.2	84	20	1	1	79	1	84	2.17e-29	109	423	105
Venom_SVMP-5	crovir-protein-8459	26.8	228	143	8	197	409	244	462	1.90e-14	74.7	423	720
Venom_SVMP-5	crovir-protein-10826	42.9	84	46	2	271	353	1207	1289	5.68e-14	73.6	423	1405
Venom_SVMP-6	crovir-protein-SVMP_2	86.9	602	75	2	1	601	1	599	0.0	1096	602	599
Venom_SVMP-6	crovir-protein-SVMP_3	81.5	552	4	3	1	548	1	458	0.0	897	602	458
Venom_SVMP-6	crovir-protein-SVMP_9	72.0	608	122	5	1	601	1	567	0.0	886	602	567
Venom_SVMP-6	crovir-protein-SVMP_6	64.1	627	167	11	1	601	1	595	2.07e-269	748	602	595
Venom_SVMP-6	crovir-protein-SVMP_11	55.8	617	257	6	1	601	1	617	6.85e-247	692	602	618
Venom_SVMP-6	crovir-protein-SVMP_10	56.1	611	143	6	1	601	1	496	7.07e-231	647	602	496
Venom_SVMP-6	crovir-protein-SVMP_7	55.1	615	183	12	1	601	1	536	4.65e-207	588	602	536
Venom_SVMP-6	crovir-protein-SVMP_8	64.1	451	136	4	1	425	1	451	7.35e-199	564	602	458
Venom_SVMP-6	crovir-protein-SVMP_4	58.2	490	139	8	16	448	74	554	4.10e-183	530	602	611
Venom_SVMP-6	crovir-protein-SVMP_1	62.0	337	128	0	210	546	22	358	1.70e-159	460	602	360
Venom_SVMP-6	crovir-protein-SVMP_5	49.1	517	58	5	1	513	1	316	5.03e-146	424	602	322
Venom_SVMP-6	crovir-protein-7463	32.3	601	360	15	31	598	49	635	7.73e-99	316	602	735
Venom_SVMP-6	crovir-protein-7465	31.9	589	359	14	43	598	3	582	1.01e-91	295	602	657
Venom_SVMP-6	crovir-protein-7461	33.4	577	337	19	31	592	34	578	2.61e-90	296	602	842
Venom_SVMP-6	crovir-protein-13777	35.9	451	234	10	197	594	88	536	1.02e-87	288	602	772
Venom_SVMP-6	crovir-protein-16409	29.2	603	368	15	31	594	43	625	4.04e-73	248	602	748
Venom_SVMP-6	crovir-protein-10431	29.8	507	268	14	126	598	81	533	6.27e-65	225	602	725
Venom_SVMP-6	crovir-protein-12906	31.2	449	231	11	108	546	103	483	4.24e-62	212	602	484
Venom_SVMP-6	crovir-protein-2457	27.6	609	350	21	63	598	43	633	2.35e-58	207	602	726
Venom_SVMP-6	crovir-protein-12550	28.5	533	260	18	84	592	46	481	2.89e-53	192	602	650
Venom_SVMP-6	crovir-protein-7250	80.4	107	17	2	19	121	39	145	5.22e-49	166	602	147
Venom_SVMP-6	crovir-protein-12856	48.5	167	73	1	448	601	21	187	1.59e-48	173	602	401
Venom_SVMP-6	crovir-protein-12904	27.2	456	264	12	71	513	725	1125	3.83e-42	162	602	1429
Venom_SVMP-6	crovir-protein-10407	44.0	168	89	2	197	359	73	240	6.51e-42	150	602	244
Venom_SVMP-6	crovir-protein-7468	32.3	257	146	6	365	598	10	261	1.53e-37	142	602	369
Venom_SVMP-6	crovir-protein-7466	33.2	220	124	3	401	598	327	545	1.20e-34	138	602	655
Venom_SVMP-6	crovir-protein-12864	51.0	145	41	3	6	126	21	159	1.31e-33	125	602	159
Venom_SVMP-6	crovir-protein-12863	64.3	84	25	1	1	79	1	84	2.15e-25	100	602	105
Venom_SVMP-6	crovir-protein-11048	25.9	555	279	24	44	500	156	676	1.33e-22	102	602	857
Venom_SVMP-6	crovir-protein-15766	26.5	358	206	13	63	378	75	417	8.04e-22	99.8	602	1012
Venom_SVMP-6	crovir-protein-3723	24.8	355	197	12	102	390	113	463	4.65e-19	90.9	602	918
Venom_SVMP-6	crovir-protein-10826	63.9	61	22	0	302	362	1232	1292	1.44e-16	83.2	602	1405
Venom_SVMP-6	crovir-protein-13842	25.7	230	150	8	199	412	37	261	3.54e-13	72.0	602	852
Venom_SVMP-6	crovir-protein-11404	23.9	472	237	22	203	601	1	423	8.85e-12	67.8	602	1524
Venom_SVMP-6	crovir-protein-15532	22.0	354	191	15	176	450	48	395	1.78e-11	66.6	602	970
Venom_SVMP-6	crovir-protein-6734	27.0	274	127	13	103	349	246	473	7.00e-11	64.7	602	954
Venom_SVMP-6	crovir-protein-15869	23.9	222	141	7	196	412	21	219	1.05e-08	57.8	602	1222
Venom_SVMP-6	crovir-protein-1487	21.3	328	202	15	102	399	151	452	1.90e-06	50.1	602	525
Venom_SVMP-7	crovir-protein-SVMP_2	71.4	611	162	7	1	610	1	599	0.0	885	611	599
Venom_SVMP-7	crovir-protein-SVMP_6	70.8	630	129	9	1	610	1	595	0.0	877	611	595
Venom_SVMP-7	crovir-protein-SVMP_9	68.6	611	147	5	1	610	1	567	6.31e-302	830	611	567
Venom_SVMP-7	crovir-protein-SVMP_10	62.0	613	113	4	1	610	1	496	2.15e-275	760	611	496
Venom_SVMP-7	crovir-protein-SVMP_11	57.8	619	250	6	1	610	1	617	5.11e-266	741	611	618
Venom_SVMP-7	crovir-protein-SVMP_3	58.9	555	124	4	1	551	1	455	6.25e-227	635	611	458
Venom_SVMP-7	crovir-protein-SVMP_7	69.3	433	115	4	1	422	1	426	1.71e-209	594	611	536
Venom_SVMP-7	crovir-protein-SVMP_8	65.6	453	131	4	1	430	1	451	4.66e-207	585	611	458
Venom_SVMP-7	crovir-protein-SVMP_4	53.7	572	129	8	1	454	1	554	1.21e-192	554	611	611
Venom_SVMP-7	crovir-protein-SVMP_1	61.9	341	129	1	214	554	21	360	8.08e-160	461	611	360
Venom_SVMP-7	crovir-protein-SVMP_5	45.5	521	79	5	1	520	1	317	4.44e-133	391	611	322
Venom_SVMP-7	crovir-protein-7464	33.6	599	359	15	31	606	24	606	1.97e-102	325	611	717
Venom_SVMP-7	crovir-protein-7465	33.2	582	349	13	55	607	12	582	3.94e-100	318	611	657
Venom_SVMP-7	crovir-protein-7461	35.2	560	331	18	31	578	34	573	2.09e-95	310	611	842
Venom_SVMP-7	crovir-protein-7463	32.2	603	367	16	31	607	49	635	2.29e-95	307	611	735
Venom_SVMP-7	crovir-protein-13777	36.1	457	240	10	199	607	88	540	4.90e-87	286	611	772
Venom_SVMP-7	crovir-protein-16409	29.3	594	377	14	31	597	43	620	1.34e-78	263	611	748
Venom_SVMP-7	crovir-protein-10431	30.4	500	264	12	126	597	81	524	6.14e-69	236	611	725
Venom_SVMP-7	crovir-protein-12906	30.8	451	234	10	108	551	103	482	1.38e-60	208	611	484
Venom_SVMP-7	crovir-protein-12856	56.0	168	62	3	454	610	21	187	1.37e-59	203	611	401
Venom_SVMP-7	crovir-protein-7250	84.1	107	13	2	19	121	39	145	1.02e-54	182	611	147
Venom_SVMP-7	crovir-protein-12550	29.4	538	263	17	84	603	46	484	3.95e-51	186	611	650
Venom_SVMP-7	crovir-protein-12904	26.1	464	280	11	71	529	725	1130	5.15e-45	171	611	1429
Venom_SVMP-7	crovir-protein-8459	27.6	438	244	13	199	606	244	638	2.65e-41	159	611	720
Venom_SVMP-7	crovir-protein-10407	42.1	171	93	2	195	359	69	239	1.54e-37	139	611	244
Venom_SVMP-7	crovir-protein-12864	64.8	105	13	1	46	126	55	159	2.49e-37	135	611	159
Venom_SVMP-7	crovir-protein-12863	66.7	84	23	1	1	79	1	84	2.01e-27	105	611	105
Venom_SVMP-7	crovir-protein-11048	25.9	363	201	15	198	506	328	676	4.01e-21	97.4	611	857
Venom_SVMP-7	crovir-protein-15766	25.7	373	212	15	57	386	69	419	1.28e-19	92.8	611	1012
Venom_SVMP-7	crovir-protein-3723	24.1	378	219	12	102	417	113	484	3.78e-16	81.6	611	918
Venom_SVMP-7	crovir-protein-11404	32.3	192	110	8	242	417	34	221	1.76e-12	70.1	611	1524
Venom_SVMP-7	crovir-protein-10826	62.2	45	17	0	320	364	1245	1289	1.55e-11	67.0	611	1405
Venom_SVMP-7	crovir-protein-15532	31.5	143	84	5	286	417	193	332	2.41e-11	66.2	611	970
Venom_SVMP-7	crovir-protein-15869	24.1	245	146	7	184	417	4	219	2.59e-11	66.2	611	1222
Venom_SVMP-7	crovir-protein-6734	24.7	344	180	15	38	354	182	473	2.56e-09	59.7	611	954
Venom_SVMP-7	crovir-protein-1487	21.8	211	148	8	199	396	240	446	4.88e-04	42.4	611	525
Venom_SVMP-8	crovir-protein-SVMP_2	88.5	602	66	1	1	602	1	599	0.0	1122	603	599
Venom_SVMP-8	crovir-protein-SVMP_9	75.8	608	100	4	1	602	1	567	0.0	928	603	567
Venom_SVMP-8	crovir-protein-SVMP_6	66.5	626	155	6	1	602	1	595	2.54e-287	794	603	595
Venom_SVMP-8	crovir-protein-SVMP_3	67.8	556	77	3	1	552	1	458	2.00e-271	748	603	458
Venom_SVMP-8	crovir-protein-SVMP_11	54.5	617	266	4	1	602	1	617	7.58e-249	697	603	618
Venom_SVMP-8	crovir-protein-SVMP_10	55.7	612	145	7	1	602	1	496	2.62e-226	635	603	496
Venom_SVMP-8	crovir-protein-SVMP_7	54.9	618	181	9	1	602	1	536	1.04e-213	605	603	536
Venom_SVMP-8	crovir-protein-SVMP_8	65.6	451	133	2	1	429	1	451	1.32e-204	578	603	458
Venom_SVMP-8	crovir-protein-SVMP_4	59.5	491	135	8	16	452	74	554	1.63e-185	536	603	611
Venom_SVMP-8	crovir-protein-SVMP_5	51.3	519	52	3	1	519	1	318	5.64e-161	462	603	322
Venom_SVMP-8	crovir-protein-SVMP_1	61.1	342	133	0	211	552	19	360	4.62e-157	454	603	360
Venom_SVMP-8	crovir-protein-7465	32.0	575	353	11	57	599	14	582	7.13e-98	311	603	657
Venom_SVMP-8	crovir-protein-7463	31.3	601	367	13	31	599	49	635	1.31e-95	308	603	735
Venom_SVMP-8	crovir-protein-13777	34.0	453	244	9	196	595	86	536	3.18e-82	273	603	772
Venom_SVMP-8	crovir-protein-16409	28.7	596	381	12	31	595	43	625	8.00e-78	261	603	748
Venom_SVMP-8	crovir-protein-10431	30.1	509	265	15	126	599	81	533	2.68e-60	213	603	725
Venom_SVMP-8	crovir-protein-12906	30.0	450	239	13	108	550	103	483	2.92e-52	186	603	484
Venom_SVMP-8	crovir-protein-12856	49.4	168	67	2	452	602	21	187	2.29e-49	176	603	401
Venom_SVMP-8	crovir-protein-7250	79.4	107	18	2	19	121	39	145	1.98e-48	165	603	147
Venom_SVMP-8	crovir-protein-12550	27.0	534	268	16	84	593	46	481	3.38e-45	169	603	650
Venom_SVMP-8	crovir-protein-12904	25.9	456	274	9	71	517	725	1125	3.01e-41	160	603	1429
Venom_SVMP-8	crovir-protein-10407	46.8	171	85	2	196	360	71	241	6.35e-41	148	603	244
Venom_SVMP-8	crovir-protein-10408	37.7	175	108	1	370	543	3	177	4.48e-37	143	603	464
Venom_SVMP-8	crovir-protein-12864	50.3	145	42	3	6	126	21	159	8.89e-33	122	603	159
Venom_SVMP-8	crovir-protein-12863	65.5	84	24	1	1	79	1	84	7.53e-25	98.6	603	105
Venom_SVMP-8	crovir-protein-11048	24.6	619	315	27	55	583	166	722	1.66e-21	98.6	603	857
Venom_SVMP-8	crovir-protein-10826	93.2	44	3	0	319	362	1245	1288	3.27e-19	91.7	603	1405
Venom_SVMP-8	crovir-protein-3723	24.5	379	215	17	102	416	113	484	1.60e-16	82.8	603	918
Venom_SVMP-8	crovir-protein-5473	31.8	211	121	10	200	394	70	273	1.25e-15	79.3	603	546
Venom_SVMP-8	crovir-protein-15869	24.4	471	262	23	174	602	3	421	1.50e-14	76.6	603	1222
Venom_SVMP-8	crovir-protein-11404	27.0	282	153	13	211	447	1	274	1.71e-12	70.1	603	1524
Venom_SVMP-8	crovir-protein-15532	23.8	370	190	16	167	455	38	396	7.06e-11	64.7	603	970
Venom_SVMP-9	crovir-protein-SVMP_2	95.5	602	24	1	1	602	1	599	0.0	1209	603	599
Venom_SVMP-9	crovir-protein-SVMP_9	72.5	608	120	4	1	602	1	567	0.0	903	603	567
Venom_SVMP-9	crovir-protein-SVMP_6	64.9	626	165	8	1	602	1	595	3.53e-280	776	603	595
Venom_SVMP-9	crovir-protein-SVMP_3	69.6	553	69	3	1	549	1	458	2.47e-279	768	603	458
Venom_SVMP-9	crovir-protein-SVMP_11	53.8	617	270	5	1	602	1	617	3.58e-242	680	603	618
Venom_SVMP-9	crovir-protein-SVMP_10	55.4	612	147	7	1	602	1	496	1.85e-226	635	603	496
Venom_SVMP-9	crovir-protein-SVMP_8	66.5	451	126	3	1	426	1	451	6.53e-210	592	603	458
Venom_SVMP-9	crovir-protein-SVMP_7	55.5	618	177	14	1	602	1	536	1.81e-209	594	603	536
Venom_SVMP-9	crovir-protein-SVMP_4	53.7	555	150	9	1	449	1	554	2.75e-181	525	603	611
Venom_SVMP-9	crovir-protein-SVMP_1	64.5	338	120	0	212	549	23	360	1.20e-167	481	603	360
Venom_SVMP-9	crovir-protein-SVMP_5	49.5	519	58	4	1	516	1	318	2.16e-150	435	603	322
Venom_SVMP-9	crovir-protein-7465	31.3	575	357	13	57	599	14	582	5.30e-92	296	603	657
Venom_SVMP-9	crovir-protein-13777	34.1	455	245	8	198	599	88	540	1.61e-83	276	603	772
Venom_SVMP-9	crovir-protein-16409	29.7	596	379	13	31	597	43	627	5.69e-79	264	603	748
Venom_SVMP-9	crovir-protein-10431	30.3	508	265	17	126	599	81	533	7.81e-62	217	603	725
Venom_SVMP-9	crovir-protein-12906	30.4	450	234	13	108	547	103	483	1.15e-54	192	603	484
Venom_SVMP-9	crovir-protein-7250	83.2	107	14	2	19	121	39	145	9.49e-53	176	603	147
Venom_SVMP-9	crovir-protein-12550	30.3	532	253	21	84	593	46	481	2.09e-49	181	603	650
Venom_SVMP-9	crovir-protein-12856	43.7	167	81	1	449	602	21	187	4.71e-43	158	603	401
Venom_SVMP-9	crovir-protein-12904	26.0	511	296	15	71	561	725	1173	2.16e-42	163	603	1429
Venom_SVMP-9	crovir-protein-7468	33.5	257	143	7	366	599	10	261	8.93e-39	145	603	369
Venom_SVMP-9	crovir-protein-12864	51.7	145	40	3	6	126	21	159	7.48e-35	128	603	159
Venom_SVMP-9	crovir-protein-10407	43.5	168	86	3	198	356	73	240	8.46e-35	131	603	244
Venom_SVMP-9	crovir-protein-7466	33.2	220	124	4	402	599	327	545	3.97e-34	137	603	655
Venom_SVMP-9	crovir-protein-12863	69.0	84	21	1	1	79	1	84	1.59e-28	108	603	105
Venom_SVMP-9	crovir-protein-15766	26.2	374	212	16	57	387	69	421	1.27e-24	108	603	1012
Venom_SVMP-9	crovir-protein-11048	24.8	528	299	23	55	501	166	676	2.07e-20	95.1	603	857
Venom_SVMP-9	crovir-protein-3723	24.3	354	201	13	102	391	113	463	5.26e-17	84.3	603	918
Venom_SVMP-9	crovir-protein-10826	81.8	44	8	0	316	359	1245	1288	1.90e-16	82.8	603	1405
Venom_SVMP-9	crovir-protein-15532	23.8	336	188	13	167	441	38	366	4.97e-13	71.6	603	970
Venom_SVMP-10	crovir-protein-SVMP_2	80.4	602	96	2	1	583	1	599	0.0	1011	593	599
Venom_SVMP-10	crovir-protein-SVMP_9	70.9	608	111	4	1	583	1	567	1.17e-311	854	593	567
Venom_SVMP-10	crovir-protein-SVMP_6	63.2	627	155	6	1	583	1	595	9.53e-273	756	593	595
Venom_SVMP-10	crovir-protein-SVMP_3	68.2	537	88	3	1	533	1	458	1.17e-265	733	593	458
Venom_SVMP-10	crovir-protein-SVMP_11	53.3	617	254	4	1	583	1	617	2.32e-240	675	593	618
Venom_SVMP-10	crovir-protein-SVMP_10	56.0	591	157	7	1	583	1	496	1.30e-221	623	593	496
Venom_SVMP-10	crovir-protein-SVMP_7	55.1	610	173	8	1	583	1	536	1.93e-206	586	593	536
Venom_SVMP-10	crovir-protein-SVMP_8	64.1	451	121	5	1	410	1	451	2.48e-192	547	593	458
Venom_SVMP-10	crovir-protein-SVMP_4	51.8	564	131	9	1	433	1	554	6.20e-172	501	593	611
Venom_SVMP-10	crovir-protein-SVMP_5	55.5	519	11	5	1	500	1	318	4.71e-170	485	593	322
Venom_SVMP-10	crovir-protein-SVMP_1	60.9	343	134	0	191	533	18	360	2.16e-155	449	593	360
Venom_SVMP-10	crovir-protein-13777	34.8	431	242	8	183	576	108	536	1.79e-81	271	593	772
Venom_SVMP-10	crovir-protein-16409	28.1	597	364	15	31	576	43	625	3.26e-73	248	593	748
Venom_SVMP-10	crovir-protein-10431	28.3	427	233	8	179	580	155	533	4.63e-53	192	593	725
Venom_SVMP-10	crovir-protein-7250	82.2	107	15	2	19	121	39	145	8.36e-52	174	593	147
Venom_SVMP-10	crovir-protein-2457	26.5	604	335	23	68	580	48	633	2.78e-51	187	593	726
Venom_SVMP-10	crovir-protein-12856	48.0	171	73	2	433	587	21	191	1.04e-50	179	593	401
Venom_SVMP-10	crovir-protein-12864	52.0	148	41	3	3	126	18	159	1.40e-35	130	593	159
Venom_SVMP-10	crovir-protein-12863	67.9	84	22	1	1	79	1	84	1.90e-27	105	593	105
Venom_SVMP-10	crovir-protein-13341	28.0	314	183	9	102	398	154	441	2.05e-22	101	593	1186
Venom_SVMP-10	crovir-protein-15766	27.0	355	205	15	57	363	69	417	7.18e-21	96.7	593	1012
Venom_SVMP-10	crovir-protein-10826	91.1	45	4	0	300	344	1245	1289	7.17e-19	90.5	593	1405
Venom_SVMP-10	crovir-protein-12495	28.1	424	222	22	30	383	26	436	5.92e-18	87.0	593	703
Venom_SVMP-10	crovir-protein-3723	24.7	231	149	9	186	397	260	484	2.94e-11	65.9	593	918
Venom_SVMP-10	crovir-protein-15532	25.9	189	103	7	279	435	212	395	2.20e-08	56.6	593	970
Venom_SVMP-11	crovir-protein-SVMP_6	89.4	625	20	4	1	609	1	595	0.0	1133	610	595
Venom_SVMP-11	crovir-protein-SVMP_2	73.1	610	152	3	1	609	1	599	0.0	900	610	599
Venom_SVMP-11	crovir-protein-SVMP_9	69.2	613	139	6	1	609	1	567	4.70e-299	823	610	567
Venom_SVMP-11	crovir-protein-SVMP_11	57.2	619	253	5	1	609	1	617	6.18e-262	731	610	618
Venom_SVMP-11	crovir-protein-SVMP_10	60.3	612	124	5	1	609	1	496	1.33e-259	720	610	496
Venom_SVMP-11	crovir-protein-SVMP_3	58.6	556	127	4	1	551	1	458	6.66e-219	615	610	458
Venom_SVMP-11	crovir-protein-SVMP_8	69.0	451	117	4	1	428	1	451	1.10e-212	599	610	458
Venom_SVMP-11	crovir-protein-SVMP_7	70.0	433	112	5	1	421	1	427	3.54e-206	586	610	536
Venom_SVMP-11	crovir-protein-SVMP_4	62.9	491	118	8	15	451	74	554	3.71e-199	571	610	611
Venom_SVMP-11	crovir-protein-SVMP_1	63.2	345	127	0	207	551	16	360	1.79e-158	457	610	360
Venom_SVMP-11	crovir-protein-SVMP_5	49.0	518	62	5	1	517	1	317	3.10e-141	412	610	322
Venom_SVMP-11	crovir-protein-7464	33.2	599	361	15	30	605	24	606	9.11e-104	329	610	717
Venom_SVMP-11	crovir-protein-7465	32.0	579	362	12	54	607	12	583	1.49e-99	316	610	657
Venom_SVMP-11	crovir-protein-7463	32.3	609	360	18	30	607	49	636	8.99e-94	303	610	735
Venom_SVMP-11	crovir-protein-16409	29.0	596	391	13	30	604	43	627	4.87e-79	264	610	748
Venom_SVMP-11	crovir-protein-10431	30.3	512	270	18	125	607	81	534	7.45e-65	225	610	725
Venom_SVMP-11	crovir-protein-2457	28.0	611	344	21	67	606	48	633	1.20e-60	214	610	726
Venom_SVMP-11	crovir-protein-12856	56.0	168	64	4	451	609	21	187	5.15e-58	199	610	401
Venom_SVMP-11	crovir-protein-7250	87.9	107	9	2	18	120	39	145	1.75e-57	189	610	147
Venom_SVMP-11	crovir-protein-12906	31.1	456	226	13	107	549	103	483	4.97e-56	196	610	484
Venom_SVMP-11	crovir-protein-12550	28.3	540	266	18	83	602	46	484	2.34e-49	181	610	650
Venom_SVMP-11	crovir-protein-12904	27.6	468	266	13	70	526	725	1130	5.32e-44	168	610	1429
Venom_SVMP-11	crovir-protein-8459	26.8	444	241	13	197	605	244	638	3.79e-43	164	610	720
Venom_SVMP-11	crovir-protein-12864	63.8	105	14	1	45	125	55	159	8.91e-37	134	610	159
Venom_SVMP-11	crovir-protein-12863	69.0	84	20	2	1	78	1	84	4.60e-26	102	610	105
Venom_SVMP-11	crovir-protein-11048	24.4	541	288	25	54	503	166	676	3.99e-21	97.4	610	857
Venom_SVMP-11	crovir-protein-3723	24.5	379	215	13	101	415	113	484	8.64e-16	80.5	610	918
Venom_SVMP-11	crovir-protein-15532	28.4	257	143	13	193	415	83	332	8.11e-15	77.4	610	970
Venom_SVMP-11	crovir-protein-10826	61.1	54	21	0	318	371	1245	1298	1.31e-12	70.5	610	1405
Venom_SVMP-12	crovir-protein-SVMP_7	97.4	427	1	1	1	417	1	427	1.28e-310	845	478	536
Venom_SVMP-12	crovir-protein-SVMP_8	79.2	451	67	3	1	424	1	451	1.11e-257	708	478	458
Venom_SVMP-12	crovir-protein-SVMP_2	68.9	482	139	5	1	475	1	478	3.65e-236	659	478	599
Venom_SVMP-12	crovir-protein-SVMP_9	63.9	485	124	5	1	476	1	443	1.76e-209	590	478	567
Venom_SVMP-12	crovir-protein-SVMP_11	55.2	491	206	4	1	477	1	491	1.52e-190	544	478	618
Venom_SVMP-12	crovir-protein-SVMP_6	59.6	498	146	9	1	475	1	466	2.64e-188	537	478	595
Venom_SVMP-12	crovir-protein-SVMP_3	55.1	481	116	6	1	475	1	387	5.01e-170	486	478	458
Venom_SVMP-12	crovir-protein-SVMP_4	51.2	564	148	10	1	447	1	554	1.21e-164	478	478	611
Venom_SVMP-12	crovir-protein-SVMP_10	53.4	483	101	6	1	475	1	367	5.93e-163	469	478	496
Venom_SVMP-12	crovir-protein-SVMP_5	60.6	315	68	3	1	310	1	264	1.52e-119	352	478	322
Venom_SVMP-12	crovir-protein-SVMP_1	56.5	269	115	2	209	475	21	289	3.59e-100	304	478	360
Venom_SVMP-12	crovir-protein-7464	31.7	454	288	11	31	475	24	464	3.89e-68	230	478	717
Venom_SVMP-12	crovir-protein-7461	33.6	456	280	12	31	475	34	477	1.10e-65	226	478	842
Venom_SVMP-12	crovir-protein-7465	30.5	433	283	8	55	475	12	438	5.47e-64	218	478	657
Venom_SVMP-12	crovir-protein-7463	30.6	457	292	12	31	475	49	492	1.82e-62	215	478	735
Venom_SVMP-12	crovir-protein-16409	28.7	453	306	11	31	476	43	485	4.94e-58	203	478	748
Venom_SVMP-12	crovir-protein-7250	85.0	107	12	2	19	121	39	145	3.18e-55	180	478	147
Venom_SVMP-12	crovir-protein-13777	38.3	308	161	8	194	477	88	390	7.36e-55	195	478	772
Venom_SVMP-12	crovir-protein-12906	34.3	318	189	9	108	414	103	411	3.40e-46	166	478	484
Venom_SVMP-12	crovir-protein-12864	64.8	105	13	1	46	126	55	159	2.11e-37	134	478	159
Venom_SVMP-12	crovir-protein-10407	42.1	171	93	2	194	358	73	243	5.98e-35	130	478	244
Venom_SVMP-12	crovir-protein-10431	31.2	308	183	10	126	416	81	376	3.23e-32	129	478	725
Venom_SVMP-12	crovir-protein-12863	67.9	84	22	1	1	79	1	84	2.75e-28	107	478	105
Venom_SVMP-12	crovir-protein-8459	26.6	293	169	10	191	477	241	493	7.71e-19	89.0	478	720
Venom_SVMP-12	crovir-protein-15766	25.0	336	186	13	57	348	69	382	3.75e-17	84.0	478	1012
Venom_SVMP-12	crovir-protein-15532	25.7	315	168	16	196	457	90	391	4.18e-07	52.0	478	970
Venom_SVMP-13	crovir-protein-SVMP_8	94.7	451	4	1	1	431	1	451	2.23e-313	849	489	458
Venom_SVMP-13	crovir-protein-SVMP_7	81.3	434	64	3	1	424	1	427	1.53e-251	696	489	536
Venom_SVMP-13	crovir-protein-SVMP_2	67.2	488	154	3	1	487	1	483	1.59e-235	658	489	599
Venom_SVMP-13	crovir-protein-SVMP_9	62.7	493	132	5	1	487	1	447	1.43e-206	583	489	567
Venom_SVMP-13	crovir-protein-SVMP_6	60.6	500	145	6	1	482	1	466	7.00e-194	552	489	595
Venom_SVMP-13	crovir-protein-SVMP_11	54.6	496	214	5	1	487	1	494	5.16e-184	528	489	618
Venom_SVMP-13	crovir-protein-SVMP_10	54.2	485	101	6	1	482	1	367	3.34e-165	475	489	496
Venom_SVMP-13	crovir-protein-SVMP_3	52.8	492	127	6	1	487	1	392	8.53e-164	470	489	458
Venom_SVMP-13	crovir-protein-SVMP_4	48.9	566	165	10	1	454	1	554	1.78e-156	457	489	611
Venom_SVMP-13	crovir-protein-SVMP_5	57.8	315	81	2	1	314	1	264	7.58e-112	333	489	322
Venom_SVMP-13	crovir-protein-SVMP_1	52.4	275	128	2	213	486	21	293	2.53e-94	289	489	360
Venom_SVMP-13	crovir-protein-7464	30.9	456	296	10	31	482	24	464	2.68e-65	223	489	717
Venom_SVMP-13	crovir-protein-7465	31.0	442	280	9	57	486	14	442	3.73e-65	221	489	657
Venom_SVMP-13	crovir-protein-7463	30.0	463	302	12	31	486	49	496	9.05e-63	216	489	735
Venom_SVMP-13	crovir-protein-7461	32.3	465	289	13	31	486	34	481	1.11e-60	212	489	842
Venom_SVMP-13	crovir-protein-7250	86.0	107	11	2	19	121	39	145	4.04e-55	180	489	147
Venom_SVMP-13	crovir-protein-13777	35.6	320	170	9	193	486	83	392	3.96e-49	179	489	772
Venom_SVMP-13	crovir-protein-12906	33.5	319	197	8	108	421	103	411	3.47e-41	153	489	484
Venom_SVMP-13	crovir-protein-12864	52.0	148	41	3	3	126	18	159	4.79e-36	130	489	159
Venom_SVMP-13	crovir-protein-10431	32.5	292	176	7	197	481	157	434	5.41e-31	126	489	725
Venom_SVMP-13	crovir-protein-10407	38.0	171	100	2	198	362	73	243	2.18e-30	117	489	244
Venom_SVMP-13	crovir-protein-12863	72.6	84	18	1	1	79	1	84	6.26e-30	112	489	105
Venom_SVMP-13	crovir-protein-15766	25.8	322	183	14	68	352	80	382	1.66e-16	82.0	489	1012
Venom_SVMP-13	crovir-protein-15532	26.6	327	173	16	182	459	78	386	1.07e-04	44.3	489	970
Venom_SVMP-14	crovir-protein-SVMP_9	92.9	608	2	1	1	608	1	567	0.0	1162	609	567
Venom_SVMP-14	crovir-protein-SVMP_2	77.6	608	127	4	1	608	1	599	0.0	975	609	599
Venom_SVMP-14	crovir-protein-SVMP_6	67.6	629	149	9	1	608	1	595	6.80e-289	798	609	595
Venom_SVMP-14	crovir-protein-SVMP_3	61.9	556	108	3	1	552	1	456	4.27e-246	684	609	458
Venom_SVMP-14	crovir-protein-SVMP_11	54.5	618	270	5	1	608	1	617	1.45e-245	689	609	618
Venom_SVMP-14	crovir-protein-SVMP_10	56.3	613	146	6	1	608	1	496	3.41e-233	653	609	496
Venom_SVMP-14	crovir-protein-SVMP_7	55.9	619	179	11	1	608	1	536	9.08e-209	592	609	536
Venom_SVMP-14	crovir-protein-SVMP_8	66.9	456	121	4	1	431	1	451	6.16e-207	585	609	458
Venom_SVMP-14	crovir-protein-SVMP_4	56.1	565	126	7	1	454	1	554	6.11e-195	560	609	611
Venom_SVMP-14	crovir-protein-SVMP_1	63.5	345	126	0	210	554	16	360	3.57e-163	469	609	360
Venom_SVMP-14	crovir-protein-SVMP_5	48.5	520	65	5	1	520	1	317	2.75e-139	407	609	322
Venom_SVMP-14	crovir-protein-7464	32.1	602	364	17	31	605	24	607	1.91e-96	310	609	717
Venom_SVMP-14	crovir-protein-7463	32.4	605	361	18	31	605	49	635	6.86e-92	298	609	735
Venom_SVMP-14	crovir-protein-7465	31.1	566	356	13	67	605	24	582	2.11e-87	284	609	657
Venom_SVMP-14	crovir-protein-16409	29.5	596	382	13	31	601	43	625	9.31e-77	258	609	748
Venom_SVMP-14	crovir-protein-10431	29.6	510	272	14	126	605	81	533	6.72e-63	220	609	725
Venom_SVMP-14	crovir-protein-12906	31.3	450	235	11	108	552	103	483	1.32e-60	208	609	484
Venom_SVMP-14	crovir-protein-7250	79.4	107	18	2	19	121	39	145	1.12e-47	163	609	147
Venom_SVMP-14	crovir-protein-12856	48.2	168	73	3	454	608	21	187	8.60e-47	169	609	401
Venom_SVMP-14	crovir-protein-12550	26.7	539	274	17	84	601	46	484	5.73e-46	171	609	650
Venom_SVMP-14	crovir-protein-12904	26.0	466	280	10	71	530	725	1131	5.69e-42	162	609	1429
Venom_SVMP-14	crovir-protein-12864	48.6	148	46	3	3	126	18	159	1.59e-31	119	609	159
Venom_SVMP-14	crovir-protein-12863	65.5	84	24	1	1	79	1	84	1.17e-25	100	609	105
Venom_SVMP-14	crovir-protein-11048	28.2	301	153	14	259	506	386	676	1.06e-18	89.7	609	857
Venom_SVMP-14	crovir-protein-10826	48.8	84	35	2	299	374	1215	1298	2.50e-13	72.8	609	1405
Venom_SVMP-14	crovir-protein-15532	27.5	207	107	10	287	455	193	394	6.47e-10	61.6	609	970
Venom_SVMP-15	crovir-protein-SVMP_7	86.8	433	40	3	1	422	1	427	7.39e-277	760	485	536
Venom_SVMP-15	crovir-protein-SVMP_8	77.7	453	75	3	1	429	1	451	6.53e-254	699	485	458
Venom_SVMP-15	crovir-protein-SVMP_2	68.9	483	142	4	1	480	1	478	2.68e-240	670	485	599
Venom_SVMP-15	crovir-protein-SVMP_9	64.0	484	130	3	1	481	1	443	2.26e-214	603	485	567
Venom_SVMP-15	crovir-protein-SVMP_6	59.7	499	149	8	1	480	1	466	2.80e-192	548	485	595
Venom_SVMP-15	crovir-protein-SVMP_11	55.6	489	208	4	1	480	1	489	7.93e-190	542	485	618
Venom_SVMP-15	crovir-protein-SVMP_4	51.0	572	142	9	1	452	1	554	1.68e-174	503	485	611
Venom_SVMP-15	crovir-protein-SVMP_3	53.2	487	121	5	1	480	1	387	9.80e-167	478	485	458
Venom_SVMP-15	crovir-protein-SVMP_10	54.0	483	132	6	1	479	1	397	2.34e-164	473	485	496
Venom_SVMP-15	crovir-protein-SVMP_5	62.4	298	59	2	1	298	1	245	6.17e-118	348	485	322
Venom_SVMP-15	crovir-protein-SVMP_1	52.8	269	124	2	215	480	21	289	9.96e-93	285	485	360
Venom_SVMP-15	crovir-protein-7464	31.9	455	291	12	31	480	24	464	6.49e-69	233	485	717
Venom_SVMP-15	crovir-protein-7461	33.6	458	282	12	31	480	34	477	5.03e-66	227	485	842
Venom_SVMP-15	crovir-protein-7463	31.1	456	296	11	31	480	49	492	1.63e-64	221	485	735
Venom_SVMP-15	crovir-protein-7465	30.5	433	288	9	55	480	12	438	2.44e-64	219	485	657
Venom_SVMP-15	crovir-protein-16409	30.0	463	292	12	31	481	43	485	4.63e-60	209	485	748
Venom_SVMP-15	crovir-protein-7250	85.0	107	12	2	19	121	39	145	2.25e-57	186	485	147
Venom_SVMP-15	crovir-protein-13777	37.8	304	163	7	200	480	88	388	1.77e-55	197	485	772
Venom_SVMP-15	crovir-protein-12906	33.1	360	214	11	108	455	103	447	7.66e-47	168	485	484
Venom_SVMP-15	crovir-protein-12864	52.0	148	41	3	3	126	18	159	3.21e-38	136	485	159
Venom_SVMP-15	crovir-protein-10407	42.3	175	95	2	196	364	69	243	2.42e-34	128	485	244
Venom_SVMP-15	crovir-protein-10431	31.8	305	186	10	126	419	81	374	4.47e-33	132	485	725
Venom_SVMP-15	crovir-protein-12863	67.9	84	22	1	1	79	1	84	1.11e-28	108	485	105
Venom_SVMP-15	crovir-protein-15766	23.8	341	190	12	57	354	69	382	8.24e-15	76.6	485	1012
Venom_SVMP-15	crovir-protein-15532	24.9	321	177	15	195	462	82	391	1.87e-07	53.1	485	970
Venom_SVMP-16	crovir-protein-SVMP_10	80.7	611	3	2	1	611	1	496	0.0	984	612	496
Venom_SVMP-16	crovir-protein-SVMP_2	67.8	612	183	5	1	611	1	599	2.25e-303	835	612	599
Venom_SVMP-16	crovir-protein-SVMP_6	63.9	629	175	6	1	611	1	595	1.84e-282	782	612	595
Venom_SVMP-16	crovir-protein-SVMP_9	63.6	613	175	5	1	611	1	567	4.56e-276	764	612	567
Venom_SVMP-16	crovir-protein-SVMP_11	58.1	618	251	4	1	611	1	617	1.04e-270	753	612	618
Venom_SVMP-16	crovir-protein-SVMP_3	56.1	554	140	3	1	550	1	455	1.68e-212	599	612	458
Venom_SVMP-16	crovir-protein-SVMP_7	68.1	433	120	4	1	422	1	426	1.01e-203	580	612	536
Venom_SVMP-16	crovir-protein-SVMP_8	63.8	458	140	5	1	434	1	456	1.59e-200	568	612	458
Venom_SVMP-16	crovir-protein-SVMP_4	48.7	571	158	7	1	453	1	554	7.86e-167	488	612	611
Venom_SVMP-16	crovir-protein-SVMP_1	59.7	340	137	0	214	553	21	360	4.24e-152	441	612	360
Venom_SVMP-16	crovir-protein-SVMP_5	43.3	520	91	5	1	519	1	317	5.04e-118	353	612	322
Venom_SVMP-16	crovir-protein-7464	33.6	599	362	16	31	608	24	607	1.03e-102	326	612	717
Venom_SVMP-16	crovir-protein-7465	32.9	580	354	12	55	608	12	582	3.10e-99	315	612	657
Venom_SVMP-16	crovir-protein-7463	31.6	602	373	17	31	608	49	635	3.97e-91	296	612	735
Venom_SVMP-16	crovir-protein-7461	32.5	603	360	15	31	604	34	618	4.76e-90	296	612	842
Venom_SVMP-16	crovir-protein-13777	36.1	452	240	10	199	604	88	536	6.63e-89	291	612	772
Venom_SVMP-16	crovir-protein-10431	28.7	508	282	11	126	608	81	533	1.59e-66	230	612	725
Venom_SVMP-16	crovir-protein-12906	31.5	448	234	9	108	550	103	482	1.00e-61	211	612	484
Venom_SVMP-16	crovir-protein-12856	52.1	167	72	1	453	611	21	187	5.34e-58	199	612	401
Venom_SVMP-16	crovir-protein-7250	83.2	107	14	2	19	121	39	145	1.09e-52	176	612	147
Venom_SVMP-16	crovir-protein-8459	27.0	433	254	10	199	607	244	638	9.68e-43	163	612	720
Venom_SVMP-16	crovir-protein-12864	52.7	148	40	3	3	126	18	159	2.51e-37	135	612	159
Venom_SVMP-16	crovir-protein-10407	41.4	162	93	1	195	354	69	230	1.13e-33	128	612	244
Venom_SVMP-16	crovir-protein-12863	71.4	84	19	1	1	79	1	84	1.82e-29	111	612	105
Venom_SVMP-16	crovir-protein-15766	24.7	377	218	16	57	391	69	421	6.26e-18	87.4	612	1012
Venom_SVMP-16	crovir-protein-15532	23.2	353	182	17	300	604	213	524	4.96e-10	62.0	612	970
Venom_SVMP-16	crovir-protein-10826	60.0	45	18	0	320	364	1245	1289	5.47e-10	62.0	612	1405
Venom_SVMP-17	crovir-protein-SVMP_11	99.5	618	3	0	1	618	1	618	0.0	1292	619	618
Venom_SVMP-17	crovir-protein-SVMP_2	54.8	617	261	5	1	617	1	599	3.76e-246	690	619	599
Venom_SVMP-17	crovir-protein-SVMP_9	51.0	618	251	6	1	617	1	567	4.44e-222	628	619	567
Venom_SVMP-17	crovir-protein-SVMP_6	50.5	630	264	7	1	617	1	595	1.92e-220	625	619	595
Venom_SVMP-17	crovir-protein-SVMP_10	49.2	618	191	8	1	617	1	496	3.17e-204	580	619	496
Venom_SVMP-17	crovir-protein-SVMP_3	49.2	561	175	4	1	557	1	455	9.94e-186	531	619	458
Venom_SVMP-17	crovir-protein-SVMP_7	54.7	439	176	4	1	429	1	426	5.89e-160	468	619	536
Venom_SVMP-17	crovir-protein-SVMP_8	52.3	459	189	5	1	437	1	451	2.04e-156	456	619	458
Venom_SVMP-17	crovir-protein-SVMP_1	52.4	340	162	0	220	559	20	359	7.46e-133	392	619	360
Venom_SVMP-17	crovir-protein-SVMP_4	43.8	495	214	8	16	460	74	554	7.86e-127	386	619	611
Venom_SVMP-17	crovir-protein-7464	33.2	608	356	15	31	613	24	606	2.65e-106	336	619	717
Venom_SVMP-17	crovir-protein-7465	32.9	578	356	12	62	615	14	583	1.44e-103	327	619	657
Venom_SVMP-17	crovir-protein-13777	38.4	451	230	9	206	610	88	536	5.87e-97	313	619	772
Venom_SVMP-17	crovir-protein-SVMP_5	34.9	524	132	4	1	524	1	315	4.30e-96	296	619	322
Venom_SVMP-17	crovir-protein-7463	30.9	606	380	12	31	615	49	636	1.09e-94	306	619	735
Venom_SVMP-17	crovir-protein-7461	33.0	610	354	18	31	610	34	618	7.99e-90	295	619	842
Venom_SVMP-17	crovir-protein-16409	29.8	604	379	15	31	610	43	625	2.02e-85	281	619	748
Venom_SVMP-17	crovir-protein-10431	29.4	511	276	11	135	615	79	534	1.99e-69	238	619	725
Venom_SVMP-17	crovir-protein-12904	31.0	484	289	11	103	547	50	527	6.18e-67	237	619	1429
Venom_SVMP-17	crovir-protein-12856	58.7	167	60	2	460	617	21	187	1.97e-64	216	619	401
Venom_SVMP-17	crovir-protein-12906	32.2	423	208	13	132	547	122	472	1.61e-59	206	619	484
Venom_SVMP-17	crovir-protein-10408	49.2	187	93	2	378	562	3	189	9.89e-55	192	619	464
Venom_SVMP-17	crovir-protein-7250	75.5	102	23	1	19	120	39	138	8.93e-45	155	619	147
Venom_SVMP-17	crovir-protein-12863	95.2	84	4	0	1	84	1	84	3.30e-44	152	619	105
Venom_SVMP-17	crovir-protein-12864	64.4	101	12	1	54	130	58	158	7.69e-34	125	619	159
Venom_SVMP-17	crovir-protein-8762	26.4	345	174	14	209	512	247	552	8.22e-19	90.1	619	842
Venom_SVMP-17	crovir-protein-15532	26.0	219	121	10	267	450	152	364	1.28e-10	63.9	619	970
Venom_ADAM28-1	crovir-protein-SVMP_11	62.8	629	220	5	1	627	1	617	1.34e-294	822	827	618
Venom_ADAM28-1	crovir-protein-SVMP_2	55.3	628	251	7	1	627	1	599	2.02e-246	699	827	599
Venom_ADAM28-1	crovir-protein-12856	95.0	381	4	1	461	826	21	401	3.63e-245	688	827	401
Venom_ADAM28-1	crovir-protein-SVMP_6	51.6	639	253	10	1	627	1	595	9.36e-223	639	827	595
Venom_ADAM28-1	crovir-protein-SVMP_9	51.0	629	244	7	1	627	1	567	9.95e-223	637	827	567
Venom_ADAM28-1	crovir-protein-SVMP_10	47.5	628	197	7	1	627	1	496	1.48e-197	570	827	496
Venom_ADAM28-1	crovir-protein-SVMP_3	49.1	562	175	3	1	558	1	455	2.20e-186	540	827	458
Venom_ADAM28-1	crovir-protein-SVMP_7	55.1	443	173	5	1	432	1	428	1.56e-162	482	827	536
Venom_ADAM28-1	crovir-protein-SVMP_8	52.9	461	184	7	1	438	1	451	3.54e-159	471	827	458
Venom_ADAM28-1	crovir-protein-SVMP_1	53.4	341	159	0	221	561	20	360	1.38e-137	411	827	360
Venom_ADAM28-1	crovir-protein-SVMP_4	53.2	355	164	2	107	461	202	554	1.01e-136	418	827	611
Venom_ADAM28-1	crovir-protein-7465	33.2	615	384	13	62	659	12	616	4.19e-118	371	827	657
Venom_ADAM28-1	crovir-protein-7463	32.2	628	393	12	49	659	58	669	1.89e-109	351	827	735
Venom_ADAM28-1	crovir-protein-13777	37.2	481	260	10	199	641	80	556	3.91e-105	340	827	772
Venom_ADAM28-1	crovir-protein-7461	32.6	604	377	12	61	646	53	644	7.79e-99	325	827	842
Venom_ADAM28-1	crovir-protein-16409	29.4	620	411	12	55	659	57	664	8.09e-92	304	827	748
Venom_ADAM28-1	crovir-protein-SVMP_5	44.8	373	137	8	1	366	1	311	3.73e-89	284	827	322
Venom_ADAM28-1	crovir-protein-10431	32.1	573	311	14	111	660	52	569	4.92e-85	285	827	725
Venom_ADAM28-1	crovir-protein-12906	32.2	447	231	8	116	558	104	482	1.92e-66	228	827	484
Venom_ADAM28-1	crovir-protein-10408	47.6	187	96	2	379	563	3	189	1.66e-55	197	827	464
Venom_ADAM28-1	crovir-protein-8459	25.9	548	324	14	134	647	167	666	4.56e-51	190	827	720
Venom_ADAM28-1	crovir-protein-10407	44.0	184	97	2	192	369	58	241	8.39e-48	169	827	244
Venom_ADAM28-1	crovir-protein-12550	25.9	563	301	17	91	641	46	504	1.15e-45	173	827	650
Venom_ADAM28-1	crovir-protein-12864	76.5	102	0	1	56	133	58	159	5.42e-44	155	827	159
Venom_ADAM28-1	crovir-protein-7250	72.0	107	24	3	23	128	44	145	5.65e-42	149	827	147
Venom_ADAM28-1	crovir-protein-12863	66.7	87	25	2	1	86	1	84	2.46e-28	108	827	105
Venom_ADAM28-1	crovir-protein-15766	26.5	381	207	17	64	399	69	421	1.38e-21	100	827	1012
Venom_ADAM28-1	crovir-protein-3723	24.2	364	206	13	105	405	109	465	1.37e-19	93.6	827	918
Venom_ADAM28-1	crovir-protein-15532	31.2	138	77	6	274	401	177	306	7.89e-10	62.0	827	970
Venom_ADAM28-1	crovir-protein-6734	24.6	317	168	13	60	354	198	465	2.34e-09	60.5	827	954
Venom_ADAM28-1	crovir-protein-10826	51.2	41	20	0	328	368	1245	1285	1.16e-07	55.1	827	1405
Venom_ADAM28-1	crovir-protein-1487	19.8	318	215	11	109	406	151	448	6.68e-06	48.9	827	525
Venom_3FTx-1	crovir-protein-17052	90.0	110	11	0	1	110	1	110	8.51e-69	201	111	110
Venom_3FTx-2	crovir-protein-17052	46.0	50	14	1	1	37	1	50	9.14e-05	37.4	86	110
Venom_3FTx-3	crovir-protein-17052	87.0	23	3	0	1	23	1	23	6.58e-06	40.8	100	110
Venom_CYS-1	crovir-protein-5488	99.3	136	1	0	1	136	1	136	8.66e-97	273	137	136
Venom_NGF-1	crovir-protein-2707	45.7	151	76	3	89	233	64	214	2.05e-37	130	242	221
Venom_NGF-1	crovir-protein-7610	41.4	169	91	4	75	236	141	308	5.62e-34	123	242	311
Venom_KUN-1	crovir-protein-10196	50.0	62	26	1	20	81	32	88	4.51e-15	67.4	81	409
Venom_KUN-1	crovir-protein-1944	50.0	52	26	0	30	81	107	158	5.99e-13	59.7	81	173
Venom_KUN-1	crovir-protein-16617	79.3	29	6	0	1	29	1	29	1.43e-07	45.8	81	212
Venom_KUN-2	crovir-protein-14273	58.8	51	21	0	31	81	384	434	1.32e-16	72.0	85	576
Venom_KUN-2	crovir-protein-8348	44.8	58	32	0	27	84	176	233	1.34e-15	68.9	85	358
Venom_KUN-2	crovir-protein-12734	51.9	54	26	0	28	81	27	80	6.86e-15	63.5	85	114
Venom_KUN-2	crovir-protein-10196	50.9	53	26	0	31	83	38	90	6.48e-14	64.3	85	409
Venom_KUN-2	crovir-protein-12962	49.0	51	26	0	31	81	274	324	1.13e-12	60.8	85	667
Venom_KUN-2	crovir-protein-7415	43.9	57	32	0	25	81	473	529	9.15e-11	55.5	85	1077
Venom_KUN-2	crovir-protein-16617	79.3	29	6	0	1	29	1	29	1.64e-07	45.8	85	212
Venom_KUN-3	crovir-protein-14273	56.9	51	22	0	31	81	384	434	4.59e-16	70.5	85	576
Venom_KUN-3	crovir-protein-8348	43.1	58	33	0	27	84	176	233	6.57e-15	67.0	85	358
Venom_KUN-3	crovir-protein-12734	50.0	54	27	0	28	81	27	80	2.75e-14	62.0	85	114
Venom_KUN-3	crovir-protein-10196	49.1	53	27	0	31	83	38	90	1.21e-13	63.5	85	409
Venom_KUN-3	crovir-protein-12962	49.0	51	26	0	31	81	274	324	2.11e-12	60.1	85	667
Venom_KUN-3	crovir-protein-7415	42.1	57	33	0	25	81	473	529	3.19e-10	53.9	85	1077
Venom_KUN-3	crovir-protein-16617	79.3	29	6	0	1	29	1	29	1.64e-07	45.8	85	212
Venom_Waprin-1	crovir-protein-8898	100	100	0	0	35	134	27	126	1.01e-49	154	135	126
Venom_pgKUN-4	crovir-protein-8900	68.0	50	10	2	28	74	260	306	2.73e-17	72.8	75	306
Venom_KUN-5	crovir-protein-8348	47.4	57	30	0	25	81	174	230	4.06e-18	75.9	84	358
Venom_KUN-5	crovir-protein-10196	50.0	52	26	0	31	82	38	89	1.30e-14	66.2	84	409
Venom_KUN-5	crovir-protein-1221	39.4	66	37	1	21	83	50	115	6.47e-14	62.8	84	197
Venom_KUN-5	crovir-protein-16617	45.3	86	28	5	1	82	1	71	1.66e-09	51.2	84	212
Venom_LIPA-1	crovir-protein-3745	88.4	475	0	1	1	475	1	420	2.75e-308	834	476	420
Venom_LIPA-1	crovir-protein-15050	52.9	155	72	1	164	317	37	191	6.00e-53	176	476	196
Venom_LIPA-1	crovir-protein-10476	33.1	369	208	12	36	384	415	764	2.01e-48	177	476	827
Venom_LIPA-1	crovir-protein-11047	33.8	317	180	11	61	356	47	354	2.57e-44	161	476	492
Venom_LIPA-1	crovir-protein-15231	34.2	272	152	8	103	356	66	328	8.17e-40	148	476	455
Venom_BPP-1	crovir-protein-17319	87.3	245	0	2	1	228	1	231	4.71e-105	302	229	231
Venom_BPP-1	crovir-protein-11601	57.7	26	11	0	203	228	101	126	4.14e-04	39.3	229	178
Venom_EXO-1	crovir-protein-11292	82.1	173	3	1	1	145	58	230	6.38e-87	258	212	308
Venom_EXO-1	crovir-protein-11720	31.1	180	25	3	98	182	113	288	1.64e-15	72.8	212	297
Venom_EXO-1	crovir-protein-1466	32.9	73	21	1	101	145	241	313	8.82e-04	38.9	212	388
Venom_HYAL-2	crovir-protein-11737	99.1	435	4	0	4	438	1	435	0.0	899	542	450
Venom_HYAL-2	crovir-protein-13626	42.7	450	235	6	11	451	84	519	5.16e-123	370	542	525
Venom_HYAL-2	crovir-protein-13659	44.7	403	218	3	23	423	37	436	2.57e-121	363	542	451
Venom_HYAL-2	crovir-protein-13660	41.5	419	208	3	12	423	26	414	2.61e-110	335	542	444
Venom_HYAL-2	crovir-protein-13674	41.5	313	178	5	12	323	28	336	8.73e-81	256	542	353
Venom_HYAL-3	crovir-protein-13659	43.2	433	238	4	13	445	17	441	1.42e-137	402	450	451
Venom_HYAL-3	crovir-protein-13626	44.6	424	224	3	26	444	87	504	2.48e-135	399	450	525
Venom_HYAL-3	crovir-protein-11737	45.2	425	222	4	19	440	4	420	1.16e-133	392	450	450
Venom_HYAL-3	crovir-protein-13660	44.2	416	202	2	26	440	28	414	2.60e-128	378	450	444
Venom_HYAL-3	crovir-protein-13674	42.5	327	178	5	26	352	30	346	4.34e-89	274	450	353
Venom_PLB-1	crovir-protein-12042	89.6	556	1	2	1	553	1	502	0.0	1003	554	502
Venom_PLB-1	crovir-protein-9103	39.0	182	78	3	281	460	18	168	2.09e-30	117	554	195
Venom_CTL-2	crovir-protein-564	67.0	103	30	1	44	142	1	103	2.72e-49	152	143	103
Venom_CTL-2	crovir-protein-16691	38.3	107	56	4	10	109	11	114	1.62e-19	79.0	143	165
Venom_CTL-2	crovir-protein-11293	28.3	127	78	4	23	139	1454	1577	2.11e-15	71.2	143	1722
Venom_CTL-4	crovir-protein-564	87.4	103	13	0	46	148	1	103	9.38e-70	204	149	103
Venom_CTL-4	crovir-protein-11293	31.0	129	72	4	27	145	1456	1577	2.94e-16	73.9	149	1722
Venom_EXO-2	crovir-protein-1466	99.0	388	0	2	58	441	1	388	4.48e-256	699	442	388
Venom_EXO-2	crovir-protein-11720	39.6	169	70	3	296	432	116	284	1.46e-29	116	442	297
Venom_EXO-2	crovir-protein-11292	47.4	116	59	1	296	409	158	273	3.08e-24	101	442	308
Venom_vQC-2	crovir-protein-1322	83.6	268	12	3	114	381	5	240	1.18e-153	432	382	240
Venom_vQC-2	crovir-protein-9447	53.9	319	140	2	68	379	47	365	3.97e-117	344	382	368
Venom_VEGF-1	crovir-protein-7188	40.0	105	57	2	19	118	27	130	2.71e-23	87.4	133	133
Venom_VEGF-1	crovir-protein-4609	31.4	86	58	1	33	117	135	220	5.79e-10	55.1	133	429
Venom_EXO-3	crovir-protein-11720	100	297	0	0	54	350	1	297	1.26e-214	587	351	297
Venom_EXO-3	crovir-protein-11292	62.6	147	53	1	169	315	158	302	1.60e-58	191	351	308
Venom_EXO-3	crovir-protein-1466	39.6	169	72	2	169	337	241	379	3.49e-33	126	351	388
Venom_PLA2-F	crovir-protein-PLA2_B1	42.9	126	68	2	14	139	17	138	5.74e-35	117	146	138
Venom_PLA2-F	crovir-protein-PLA2_C1	44.4	126	64	3	14	139	17	136	6.57e-31	107	146	136
Venom_PLA2-F	crovir-protein-1662	50.0	54	26	1	21	74	1	53	9.58e-15	65.5	146	118
Venom_PLA2-F	crovir-protein-3870	29.8	104	63	3	36	139	50	143	3.23e-10	54.3	146	147
Venom_PLA2-A1	crovir-protein-PLA2_A1	100	138	0	0	1	138	1	138	1.80e-108	303	139	138
Venom_PLA2-A1	crovir-protein-PLA2_B1	58.0	138	58	0	1	138	1	138	1.40e-62	187	139	138
Venom_PLA2-A1	crovir-protein-PLA2_C1	52.2	138	64	1	1	138	1	136	5.09e-53	163	139	136
Venom_PLA2-A1	crovir-protein-PLA2_K	46.4	125	66	1	14	138	31	154	5.75e-44	140	139	154
Venom_PLA2-A1	crovir-protein-PLA2_gIIE	39.6	134	73	3	6	132	12	144	5.09e-30	105	139	156
Venom_PLA2-C1	crovir-protein-PLA2_C1	100	136	0	0	1	136	1	136	1.88e-109	305	137	136
Venom_PLA2-C1	crovir-protein-PLA2_B1	64.5	138	47	1	1	136	1	138	6.04e-68	201	137	138
Venom_PLA2-C1	crovir-protein-PLA2_A1	52.2	138	64	1	1	136	1	138	3.04e-54	166	137	138
Venom_PLA2-C1	crovir-protein-PLA2_K	58.3	127	50	2	12	136	29	154	1.01e-53	165	137	154
Venom_PLA2-C1	crovir-protein-PLA2_gIIE	46.5	127	62	4	10	133	16	139	6.08e-36	120	137	156
Venom_PLA2-C1	crovir-protein-1662	46.7	60	29	2	24	80	1	60	4.52e-13	60.8	137	118
Venom_PLA2-C1	crovir-protein-3870	35.9	92	53	2	38	129	51	136	9.39e-11	55.5	137	147
Venom_PLA2-K	crovir-protein-PLA2_K	97.6	126	3	0	12	137	29	154	1.00e-97	276	138	154
Venom_PLA2-K	crovir-protein-PLA2_C1	60.9	138	51	2	1	137	1	136	5.97e-61	183	138	136
Venom_PLA2-K	crovir-protein-PLA2_B1	60.4	134	53	0	1	134	1	134	3.01e-59	179	138	138
Venom_PLA2-K	crovir-protein-PLA2_A1	47.8	138	71	1	1	137	1	138	3.48e-51	158	138	138
Venom_PLA2-B1	crovir-protein-PLA2_B1	100	115	0	0	1	115	24	138	1.25e-93	265	116	138
Venom_PLA2-B1	crovir-protein-PLA2_C1	63.5	115	40	1	1	115	24	136	6.19e-55	167	116	136
Venom_PLA2-B1	crovir-protein-PLA2_A1	55.7	115	51	0	1	115	24	138	5.98e-51	157	116	138
Venom_PLA2-B1	crovir-protein-PLA2_K	57.1	112	48	0	1	112	41	152	2.52e-46	145	116	154
Venom_PLA2-B1	crovir-protein-PLA2_gIIE	47.1	104	51	2	14	115	42	143	3.66e-34	115	116	156
Venom_PLA2-B1	crovir-protein-1662	58.3	48	18	1	14	59	13	60	4.35e-17	70.5	116	118
Venom_PLA2-B1	crovir-protein-3870	35.0	103	59	3	14	115	48	143	2.82e-10	53.5	116	147
Venom_PLA2-gIIe	crovir-protein-PLA2_gIIE	98.8	85	1	0	8	92	14	98	1.84e-63	188	92	156
Venom_PLA2-gIIe	crovir-protein-1662	53.4	58	27	0	24	81	1	58	2.90e-19	75.1	92	118
Venom_ENPP6-1	crovir-protein-4587	90.0	439	10	4	1	438	1	406	5.62e-288	781	439	406
Venom_ENPP6-1	crovir-protein-568	31.8	421	241	13	23	417	47	447	1.07e-51	180	439	469
Venom_CTL-5	crovir-protein-5477	89.8	167	0	2	1	166	19	169	2.19e-112	315	167	169
Venom_CTL-5	crovir-protein-17142	62.2	164	38	5	1	156	49	196	3.95e-63	194	167	252
Venom_CTL-5	crovir-protein-11293	30.4	125	70	6	41	162	1467	1577	1.11e-10	58.5	167	1722
Venom_CTL-6	crovir-protein-17168	100	43	0	0	56	98	64	106	8.75e-26	97.1	159	216
Venom_CTL-6	crovir-protein-8840	29.8	121	73	4	38	155	160	271	6.41e-14	66.6	159	277
